station,ko,en,freq,verified
井の頭公園,이노카시라코엔,Inokashira-koen,1002,Y
吉祥寺,기치조지,Kichijoji,991,Y
新宿,신주쿠,Shinjuku,942,N-new
新宿西口,신주쿠니시구치,Shinjukunishiguchi,905,Y
新宿三丁目,신주쿠산초메,Shinjukusanchome,743,Y
東京,도쿄,Tokyo,660,Y
名鉄名古屋,메이테쓰나고야,Meitetsunagoya,648,Y
銀座,긴자,Ginza,646,Y
近鉄名古屋,긴테쓰나고야,Kintetsunagoya,637,Y
三鷹,미타카,Mitaka,618,Y
渋谷,시부야,Shibuya,615,Y
布田,후다,Fuda,590,Y
つつじケ丘,쓰쓰지케오카,Tsutsujikeoka,573,N-new
栄（名古屋）,사카에나고야,Sakae(Nagoya),555,Y
栄町,사카에마치,Sakaemachi,542,Y
神泉,신센,Shinsen,538,Y
池袋,이케부쿠로,Ikebukuro,513,Y
東銀座,히가시긴자,Higashiginza,503,Y
代官山,다이칸야마,Daikanyama,495,Y
日本橋,니혼바시,Nihombashi,487,Y
六本木,롯폰기,Roppongi,465,Y
京橋,교바시,Kyobashi,459,Y
有楽町,유라쿠초,Yurakucho,447,Y
三田,미타,Mita,425,Y
東池袋,히가시이케부쿠로,Higashiikebukuro,415,Y
今池,이마이케,Imaike,409,Y
新橋,신바시,Shimbashi,401,Y
櫛田神社前,구시다진자마에,Kushida-jinja-mae,400,Y
田町,다마치,Tamachi,393,Y
立川,다치카와,Tachikawa,386,Y
二重橋前,니주바시마에,Nijubashimae,382,Y
立川南,다치카와미나미,Tachikawaminami,381,Y
府中本町,후추혼마치,Fuchuhonmachi,379,Y
恵比寿,에비스,Ebisu,377,Y
内幸町,우치사이와이초,Uchisaiwaicho,371,Y
赤坂,아카사카,Akasaka,370,Y
成城学園前,세이조가쿠엔마에,Seijogakuen-mae,362,Y
池下,이케시타,Ikeshita,361,N-new
狛江,고마에,Komae,353,Y
中目黒,나카메구로,Naka-meguro,345,Y
府中,후추,Fuchu,344,Y
祇園,기온,Gion,343,Y
明治神宮前,메이지진구마에,Meiji-jingumae,326,Y
祖師ケ谷大蔵,소시가야오쿠라,Soshigaya-okura,319,Y
高円寺,고엔지,Koenji,318,Y
麻布十番,아자부주반,Azabujuban,318,Y
乃木坂,노기자카,Nogizaka,316,Y
芦花公園,로카코엔,Rokakoen,314,Y
浅草（東武・都営・メトロ）,아사쿠사토부토에이메토로,Asakusa(Tobu・Toei・Metoro),314,Y
浅草（つくばＥＸＰ）,아사쿠사쓰쿠바,Asakusa(Tsukubaexp),313,Y
武蔵境,무사시사카이,Musashisakai,311,Y
和泉多摩川,이즈미타마가와,Izumitamagawa,311,Y
表参道,오모테산도,Omotesando,307,Y
博多,하카타,Hakata,305,Y
中野,나카노,Nakano,303,Y
新高円寺,니이타카엔테라,Niitakaentera,301,Y
神保町,진보초,Jinbocho,298,Y
国分寺,고쿠분지,Kokubunji,289,Y
荻窪,오기쿠보,Ogikubo,281,Y
秋葉原,아키하바라,Akihabara,280,Y
新御茶ノ水,신오차노미즈,Shinochanomizu,276,Y
大阪梅田（阪神）,오사카우메다（한신）,Osakaumeda(Hanshin),273,N-new
淡路町,아와지초,Awajicho,270,Y
九段下,구단시타,Kudanshita,268,Y
阿佐ケ谷,아사케타니,Asaketani,267,Y
覚王山,가쿠오잔,Kakuozan,266,N-new
聖蹟桜ケ丘,세이세키사쿠라가오카,Seisekisakuragaoka,266,Y
南阿佐ケ谷,미나미아사케타니,Minamiasaketani,266,Y
三越前,미쓰코시마에,Mitsukoshimae,265,Y
千歳烏山,지토세카라스야마,Chitosekarasuyama,265,N-new
赤羽橋,아카바네하시,Akabanehashi,260,Y
六本木一丁目,롯폰기잇초메,Roppongiitchome,259,Y
岩本町,이와모토마치,Iwamotomachi,257,Y
蒲田,가마타,Kamata,254,Y
梅田,우메다,Umeda,254,N-new
三軒茶屋,산겐자야,Sangen-jaya,253,Y
京急蒲田,게이큐카마타,Keikyu Kamata,253,Y
京王八王子,게이오하치오지,Keiohachioji,250,Y
西荻窪,니시오기쿠보,Nishiogikubo,249,Y
八王子,하치오지,Hachioji,248,Y
水道橋,스이도바시,Suidobashi,242,Y
小川町,오가와초,Ogawacho,242,Y
下北沢,시모키타자와,Shimokitazawa,235,Y
西太子堂,니시타이시도,Nishitaishido,235,Y
武蔵小金井,무사시코가네이,Musashikoganei,234,Y
西鉄福岡（天神）,니시테쓰후쿠오카(덴진),Nishitetsu-Fukuoka (Tenjin),232,Y
二子玉川,후타코타마가와,Futako-tamagawa,230,Y
上野御徒町,우에노오카치마치,Uenokachimachi,228,Y
築地,쓰키지,Tsukiji,227,Y
登戸,노보리토,Noborito,226,Y
溝の口,미조노쿠치,Mizonokuchi,224,Y
広尾,히로오,Hiro,222,Y
蓮沼,하스누마,Hasunuma,220,Y
武蔵溝ノ口,무사시미조노쿠치,Musashimizonokuchi,220,Y
町田,마치다,Machida,215,Y
二子新地,후타코신치,Futakoshinchi,212,Y
中洲川端,나카스카와바타,Nakasukawabata,206,Y
赤坂見附,아카사카미쓰케,Akasakamitsuke,205,Y
自由が丘,지유가오카,Jiyugaoka,204,Y
上野広小路,우에노히로코지,Uenohirokoji,204,Y
北品川,기타시나가와,Kitashinagawa,202,Y
品川,시나가와,Shinagawa,199,Y
池ノ上,이케노에,Ikenoe,197,Y
奥沢,오쿠사와,Okusawa,195,Y
飯田橋,이다바시,Iidabashi,192,Y
大崎広小路,오사키히로코지,Osakihirokoji,191,Y
五反田,고탄다,Gotanda,190,Y
代々木,요요기,Yoyogi,188,Y
錦糸町,긴시초,Kinshicho,188,Y
天神南,덴진미나미,Tenjinminami,187,Y
向ケ丘遊園,고케오카유우엔,Kokeokayuen,187,Y
京急川崎,게이큐카와사키,Keikyukawasaki,181,Y
新井薬師前,아라이쿠스리시마에,Araikusurishimae,180,Y
四谷三丁目,요쓰야산초메,Yotsuyasanchome,179,Y
ひばりケ丘,히바리케오카,Hibarikeoka,177,N-new
小田急多摩センター,오다큐타마센타,Odakyutamasentaa,175,N-new
浜松町,하마마쓰초,Hamamatsucho,175,Y
幡ケ谷,하타케타니,Hataketani,172,Y
千歳船橋,지토세후나바시,Chitosefunabashi,171,N-new
川崎,가와사키,Kawasaki,170,Y
大門,다이몬,Daimon,170,Y
田無,다나시,Tanashi,169,Y
経堂,교도,Kyodo,168,Y
新宿御苑前,신주쿠교엔마에,Shinjukugyoenmae,164,Y
不動前,후도마에,Fudomae,162,Y
笹塚,사사즈카,Sasazuka,161,Y
牛込神楽坂,우시고메카구라자카,Ushigomekagurazaka,158,Y
人形町,닌교초,Ningyocho,155,Y
三鷹台,미타카다이,Mitakadai,154,Y
東久留米,히가시쿠루메,Higashikurume,153,Y
西早稲田,니시와세다,Nishiwaseda,153,Y
新大久保,신오쿠보,Shin'Okubo,149,Y
要町,가나메초,Kanamecho,149,Y
代田橋,시로타하시,Shirotahashi,148,Y
東小金井,히가시코가네이,Higashikoganei,146,Y
水天宮前,스이텐구우마에,Suitengumae,146,Y
高田馬場,다카다노바바,Takadanobaba,144,Y
武蔵小山,무사시코야마,Musashikoyama,143,Y
原宿,하라주쿠,Harajuku,142,Y
南新宿,미나미신주쿠,Minamishinjuku,141,Y
大森海岸,오모리카이간,Omorikaigan,138,Y
亀戸,가메이도,Kameido,137,Y
目黒,메구로,Meguro,135,Y
練馬,네리마,Nerima,134,Y
桜台,사쿠라다이,Sakuradai,133,Y
馬車道,바샤미치,Bashamichi,133,Y
国立,고쿠리쓰,Kokuritsu,132,Y
伏見,후시미,Fushimi,131,Y
住吉,스미요시,Sumiyoshi,131,N-new
花小金井,하나코가네이,Hanakoganei,131,Y
大須観音,오스칸논,Osukannon,128,Y
学芸大学,가쿠게이다이가쿠,Gakugeidaigaku,128,Y
大久保,오쿠보,Okubo,128,Y
上前津,가미마에즈,Kamimaezu,127,Y
都立家政,도리쓰카세이,Toritsukasei,127,N-new
虎ノ門,도라노몬,Toranomon,126,Y
武蔵小杉,무사시코스기,Musashikosugi,126,Y
曙橋,아케보노바시,Akebonobashi,124,Y
新丸子,신마루코,Shinmaruko,124,Y
麹町,고지마치,Kojimachi,124,Y
なんば（大阪メトロ）,난바오사카메토로,Nanba(Osakametoro),123,Y
所沢,도코로자와,Tokorozawa,123,Y
新百合ケ丘,신유리케오카,Shinyurikeoka,122,Y
豊島園,도요시마소노,Toyoshimasono,122,Y
大森,오모리,Omori,122,Y
用賀,요가,Yoga,120,N-new
野方,노가타,Nogata,118,Y
百合ケ丘,유리케오카,Yurikeoka,118,Y
呉服町,고후쿠초,Gofukucho,116,Y
外苑前,가이엔마에,Gaienmae,116,Y
四ツ谷,요쓰야,Yotsuya,116,Y
日本大通り,니혼다이토리,Nihondaitori,115,N-new
戸越銀座,도코시긴자,Tokoshiginza,114,N-new
明大前,메이다이마에,Meidaimae,112,Y
大崎,오사키,Osaki,112,Y
大泉学園,오이즈미가쿠엔,Oizumigakuen,112,Y
虎ノ門ヒルズ,도라노몬히루즈,Toranomonhiruzu,111,Y
たまプラーザ,다마푸라자,Tamapuraaza,111,Y
桜新町,사쿠라신마치,Sakurashinmachi,111,Y
桜木町,사쿠라기초,Sakuragicho,111,Y
横浜,요코하마,Yokohama,110,Y
鮫洲,사메즈,Samezu,110,Y
亀戸水神,가메이도스이진,Kameidosuijin,110,Y
茅場町,가야바초,Kayabacho,109,Y
西小山,니시오야마,Nishioyama,108,Y
西永福,니시나가후쿠,Nishinagafuku,107,Y
池尻大橋,이케지리오하시,Ikejiriohashi,107,Y
赤羽岩淵,아카바네이와부치,Akabaneiwabuchi,106,Y
赤羽,아카바네,Akabane,106,Y
中野新橋,나카노신바시,Nakanoshinbashi,106,Y
白金台,시로가네다이,Shiroganedai,105,Y
代々木上原,요요기우에하라,Yoyogiuehara,105,Y
薬院大通,야쿠인오도오리,Yakuinodori,105,Y
浅草橋,아사쿠사바시,Asakusabashi,104,Y
中野富士見町,나카노후지미초,Nakanofujimicho,101,N-new
大井町,오이초,Oicho,100,Y
とうきょうスカイツリー,도쿄스카이쓰리,Tokyosukaitsurii,100,Y
押上,오시아게,Oshiage,100,Y
京都,교토,Kyoto,99,Y
石川町,이시카와초,Ishikawacho,99,Y
面影橋,오모카게하시,Omokagehashi,99,Y
初台,쇼다이,Shodai,98,Y
ナゴヤドーム前矢田,나고야도무마에야다,Nagoyadomumaeyada,98,N-new
石神井公園,샤쿠지이코엔,Shakujiikoen,97,Y
祇園四条,기온시조,Gionshijo,96,Y
福岡空港,후쿠오카쿠우코,Fukuokakuko,96,Y
新桜台,신사쿠라다이,Shinsakuradai,95,Y
新高島,니이타카시마,Niitakashima,94,N-new
丸の内,마루노치,Marunochi,93,Y
大宮,오미야,Omiya,92,Y
元町・中華街,모토마치추카가이,Motomachi・Chukagai,92,Y
神谷町,가미야초,Kamiyacho,91,Y
難波（南海）,난바（난카이）,Nanba(Nankai),91,N-new
稲荷町,이나리초,Inaricho,91,Y
新豊洲,신토요스,Shintoyosu,90,Y
白金高輪,시로가네타카나와,Shiroganetakanawa,90,Y
関内,세키우치,Sekiuchi,89,Y
美栄橋,요시에하시,Yoshiehashi,88,N-new
東京テレポート,도쿄테레포토,Tokyoterepoto,88,Y
さっぽろ（札幌市営）,삿포로삿포로시에이,Sapporo(Sapporoshiei),87,Y
東十条,히가시주조,Higashijujo,87,Y
新代田,신시로타,Shinshirota,87,Y
札幌（ＪＲ）,삿포로（ＪＲ）,Sapporo(Jr),85,N-new
大塚駅前,오쓰카에키마에,Otsukaekimae,85,Y
代々木公園,요요기코엔,Yoyogikoen,85,Y
高山,고잔,Kozan,85,Y
十条,주조,Jujo,84,Y
八丁堀,핫초보리,Hatchobori,84,Y
久我山,구가야마,Kugayama,83,N-new
江古田,에코다,Ekoda,82,Y
九条,규조,Kyujo,82,Y
京都河原町,교토카와라마치,Kyotokawaramachi,82,N-new
大山,오야마,Oyama,82,Y
矢田,야다,Yada,81,N-new
県庁前,겐초마에,Kenchomae,80,Y
あおば通,아오바토오리,Aobatori,80,Y
本川越,혼카와에쓰,Honkawaetsu,79,Y
上石神井,가미이시카미이,Kamiishikamii,79,Y
都立大学,도리쓰다이가쿠,Toritsudaigaku,79,N-new
一橋学園,히토쓰바시가쿠엔,Hitotsubashigakuen,79,Y
世田谷,세타가야,Setagaya,79,Y
川越市,가와고에시,Kawagoeshi,77,Y
緑が丘,미도리가오카,Midorigaoka,77,N-new
羽田空港第１・第２ターミナル（京急）,하네다쿠우코다이이치다이니타미나루케이큐,Hanedakukodaiichi・Dainitaaminaru(Keikyu),77,Y
牧志,마키시,Makishi,76,Y
市ケ谷,이치가야,Ichigaya,76,Y
北千住,기타센주,Kita-senju,76,Y
浜田山,하마다야마,Hamadayama,76,N-new
武蔵関,무사시세키,Musashiseki,75,N-new
蔵前,구라마에,Kuramae,75,Y
本郷三丁目,혼고산초메,Hongosanchome,75,Y
清瀬,기요세,Kiyose,75,Y
下板橋,시타이타하시,Shitaitahashi,74,Y
日暮里,닛포리,Nippori,73,Y
小田原,오다와라,Odawara,73,Y
尾山台,오야마다이,Oyamadai,73,Y
星ケ丘,호시케오카,Hoshikeoka,73,Y
藤が丘,후지가오카,Fujigaoka,72,Y
海老名,에비나,Ebina,72,Y
日ノ出町,니치노데마치,Nichinodemachi,72,Y
新栄町,신에이마치,Shin'Eimachi,72,Y
等々力,도도로키,Todoroki,72,Y
昭島,아키라시마,Akirashima,72,N-new
台場,다이바,Daiba,72,Y
新千歳空港,신치토세쿠우코,Shinchitosekuko,71,Y
代々木八幡,요요기하치만,Yoyogihachiman,71,Y
戸越,도코시,Tokoshi,71,N-new
市役所前,시야쿠쇼마에,Shiyakushomae,70,Y
千駄木,센다기,Sendagi,70,Y
仙台,센다이,Sendai,70,Y
板橋区役所前,이타바시쿠야쿠쇼마에,Itabashikuyakushomae,70,Y
大塚,오쓰카,Otsuka,69,Y
松陰神社前,쇼인진자마에,Shoinjinjamae,69,Y
豪徳寺,고토쿠지,Gotokuji,68,N-new
巣鴨,스가모,Sugamo,68,Y
松本,마쓰모토,Matsumoto,67,Y
あざみ野,아자미노,Azamino,67,Y
半蔵門,한조몬,Hanzomon,67,Y
緑町,미도리마치,Midorimachi,66,N-new
上北台,가미키타다이,Kamikitadai,66,Y
烏丸,가라스마,Karasuma,66,Y
久米川,구메가와,Kumegawa,66,Y
西日暮里,니시닛포리,Nishinippori,65,Y
駒込,고마고메,Komagome,65,Y
リゾートゲートウェイ・ステーション,리조토게토이스테숀,Rizotogeetoei・Suteeshon,64,Y
高岳,다카오카,Takaoka,64,Y
入谷,이리야,Iriya,64,Y
北松本,기타마쓰혼,Kitamatsuhon,64,Y
東比恵,히가시히메구미,Higashihimegumi,64,Y
駒場東大前,고마바토다이마에,Komabatodaimae,64,Y
新大阪,신오사카,Shin'Osaka,63,Y
本八幡,혼하치만,Honhachiman,63,Y
早稲田（都電）,와세다토덴,Waseda(Toden),63,Y
静岡,시즈오카,Shizuoka,63,Y
金沢,가나자와,Kanazawa,62,Y
成増,나리마스,Narimasu,62,Y
大通,오도오리,Odori,62,Y
京成八幡,게이세이하치만,Keiseihachiman,62,Y
地下鉄成増,지카테쓰나리마스,Chikatetsunarimasu,61,N-new
志木,시키,Shiki,61,Y
本厚木,혼아쓰기,Hon'Atsugi,60,Y
北鉄金沢,호쿠테쓰카나자와,Hokutetsukanazawa,60,Y
東武練馬,도부네리마,Tobunerima,59,N-new
牛田,우시타,Ushita,59,Y
梅ケ丘,우메케오카,Umekeoka,59,Y
新静岡,신시즈오카,Shinshizuoka,59,Y
木場,기바,Kiba,59,Y
東中野,히가시나카노,Higashinakano,59,Y
東松原,히가시마쓰바라,Higashimatsubara,58,Y
西国分寺,니시코쿠분지,Nishikokubunji,58,Y
亀島,가메시마,Kameshima,58,N-new
落合,오치아이,Ochiai,58,Y
平和通,헤이와토오리,Heiwatori,58,Y
鎌倉,가마쿠라,Kamakura,57,Y
高尾,다카오,Takao,57,Y
秋田,아키타,Akita,57,Y
新横浜,신요코하마,Shinyokohama,56,Y
上井草,가미이구사,Kamiigusa,56,Y
青葉台,아오바다이,Aobadai,56,Y
谷保,야호,Yaho,55,Y
羽田空港第１ターミナル（東京モノレール）,하네다쿠우코다이이치타미나루（토쿄모노레루）,Hanedakukodaiichitaaminaru(Tokyomonoreeru),55,N-new
東村山,히가시무라야마,Higashimurayama,55,N-new
目白,메지로,Mejiro,55,Y
旦過,단카,Tanka,55,Y
青山一丁目,아오야마잇초메,Aoyamaitchome,54,Y
下丸子,시모마루코,Shimomaruko,53,Y
長岡,나가오카,Nagaoka,53,Y
門前仲町,몬젠나카마치,Monzennakamachi,53,Y
新綱島,신쓰나시마,Shintsunashima,53,Y
北１２条,기타조,Kita12Jo,53,Y
市場前,시조마에,Shijomae,53,N-new
綱島,쓰나시마,Tsunashima,52,N-new
東京ディズニーランド・ステーション,도쿄데ぃ즈니란도・스테숀,Tokyodizuniirando・Suteeshon,52,N-new
船橋,후나바시,Funabashi,52,Y
三条京阪,산조케이한,Sanjokeihan,52,Y
センター北,센타키타,Sentaakita,51,Y
御殿場,고텐바,Gotenba,51,N-new
狭間,하자마,Hazama,51,Y
京王よみうりランド,게이오요미우리란도,Keioyomiurirando,50,N-new
東淀川,히가시요도가와,Higashiyodogawa,50,N-new
宮前平,미야마에다이라,Miyamaedaira,50,Y
小倉,오구라,Ogura,49,Y
河辺,가와베,Kawabe,49,Y
京成船橋,게이세이후나바시,Keiseifunabashi,49,Y
熱海,아타미,Atami,48,Y
川口,가와구치,Kawaguchi,48,Y
鶴瀬,쓰루세,Tsuruse,48,Y
長野（長野電鉄）,나가노나가노덴테쓰,Nagano(Naganodentetsu),47,Y
長久手古戦場,나가쿠테코센조,Nagakutekosenjo,47,N-new
矢野口,야노구치,Yanoguchi,47,N-new
亀有,가메아리,Kameari,47,Y
蕨,와라비,Warabi,46,Y
中部国際空港,주부코쿠사이쿠우코,Chubukokusaikuko,46,N-new
矢部,야베,Yabe,46,Y
新所沢,신토코로자와,Shintokorozawa,45,N-new
高崎（ＪＲ）,다카사키,Takasaki(Jr),45,Y
栄生,사카에나마,Sakaenama,45,N-new
みなとみらい,미나토미라이,Minatomirai,45,N-new
高崎（上信）,다카사키우에신,Takasaki(Ueshin),45,Y
心斎橋,신사이바시,Shinsaibashi,45,Y
新潟,니이가타,Niigata,44,Y
浅間町,아사마마치,Asamamachi,44,N-new
センター南,센타미나미,Sentaaminami,44,Y
浦和,우라와,Urawa,44,Y
鶯谷,우구이스다니,Uguisudani,43,Y
天満,덴마,Tenma,43,Y
中神,나카가미,Nakagami,42,Y
桜坂,사쿠라자카,Sakurazaka,42,Y
西高蔵,니시코쿠라,Nishikokura,42,N-new
豊田,도요다,Toyoda,42,N-new
北千束,기타센조쿠,Kitasenzoku,42,Y
相模大野,사가미오노,Sagamiono,42,N-new
平塚,히라쓰카,Hiratsuka,42,Y
箱崎,하코자키,Hakozaki,41,Y
七条,나나조,Nanajo,41,Y
北朝霞,호쿠초카스미,Hokuchokasumi,40,Y
京都市役所前,교토시야쿠쇼마에,Kyotoshiyakushomae,40,Y
天神橋筋六丁目,덴진바시스지로쿠초메,Tenjinbashisujirokuchome,39,Y
小幡,오바타,Obata,39,N-new
那覇空港,나하쿠우코,Nahakuko,39,N-new
鶴見,쓰루미,Tsurumi,39,Y
高幡不動,다카하타후도,Takahatafudo,39,Y
和田塚,와다쓰카,Wadatsuka,39,Y
小樽,오타루,Otaru,39,N-new
一社,잇샤,Issha,39,N-new
京急鶴見,게이큐쓰루미,Keikyutsurumi,38,Y
鴨居,가모이,Kamoi,38,Y
朝霞台,아사카다이,Asakadai,38,Y
元町（ＪＲ）,모토마치,Motomachi(Jr),38,Y
勝どき,가치도키,Kachidoki,38,Y
鶴川,쓰루카와,Tsurukawa,38,N-new
千駄ケ谷,센다케타니,Sendaketani,37,Y
小岩,고이와,Koiwa,37,Y
千代県庁口,지요켄초쿠치,Chiyokenchokuchi,37,Y
鷺沼,사기누마,Saginuma,37,Y
御器所,고키소,Gokiso,36,Y
福島（阪神）,후쿠시마한신,Fukushima(Hanshin),36,Y
白山,하쿠산,Hakusan,36,Y
別府,벳푸,Beppu,36,Y
元町（阪神）,모토마치한신,Motomachi(Hanshin),36,Y
西新,니시신,Nishishin,35,Y
大船,오후나,Ofuna,35,Y
四ツ橋,시쓰하시,Shitsuhashi,35,Y
箱根湯本,하코네유모토,Hakoneyumoto,35,N-new
竹下,다케시타,Takeshita,35,Y
近鉄奈良,긴테쓰나라,Kintetsunara,35,N-new
おもろまち,오모로마치,Omoromachi,35,N-new
大橋,오하시,Ohashi,35,Y
板橋,이타바시,Itabashi,35,N-new
小竹向原,고타케무카이하라,Kotakemukaihara,34,N-new
月島,가쓰시마,Gatsushima,33,Y
鵜の木,우노키,Unoki,33,N-new
塔ノ沢,도노사와,Tonosawa,33,N-new
鶴間,쓰루마,Tsuruma,33,Y
小田急相模原,오다큐사가미하라,Odakyusagamihara,33,Y
沼津,누마즈,Numazu,33,Y
西４丁目,니시초메,Nishi4Chome,33,Y
草加,소카,Soka,33,Y
いりなか,이리나카,Irinaka,33,N-new
箱崎宮前,하코자키미야마에,Hakozakimiyamae,33,Y
柏,가시와,Kashiwa,33,Y
新小岩,신코이와,Shinkoiwa,32,Y
港町,미나토마치,Minatomachi,32,N-new
根津,네즈,Nezu,32,Y
天王洲アイル,덴노즈아이루,Tennozuairu,32,Y
国立競技場,고쿠리쓰쿄기조,Kokuritsukyogijo,32,Y
新飯塚,신이이즈카,Shiniizuka,32,Y
足柄,아시가라,Ashigara,32,N-new
富士見町,후지미초,Fujimicho,32,Y
新馬場,신바바,Shinbaba,32,Y
西新井,니시아라이,Nishiarai,31,Y
越谷レイクタウン,고시가야레이쿠타운,Koshigayareikutaun,31,N-new
奈良,나라,Nara,31,Y
東武宇都宮,도부우쓰노미야,Tobutsunomiya,31,Y
さいたま新都心,사이타마신토신,Saitamashintoshin,31,Y
御花畑,오하나하타,Ohanahata,31,Y
六本松,롯폰마쓰,Ropponmatsu,31,Y
桜街道,사쿠라카이도,Sakurakaido,31,N-new
本町,혼초,Honcho,31,Y
池上,이케가미,Ikegami,31,Y
新福島,신후쿠시마,Shinfukushima,31,Y
芸大通,게이다이토오리,Geidaitori,30,N-new
西川緑道公園,니시카와료쿠도코엔,Nishikawaryokudokoen,30,Y
烏丸御池,가라스마오이케,Karasumaoike,30,Y
第一通り,다이이치토리,Daiichitori,30,Y
七隈,나나쿠마,Nanakuma,30,Y
宇都宮,우쓰노미야,Utsunomiya,30,Y
蓮根,렌콘,Renkon,30,N-new
軽井沢,가루이자와,Karuizawa,30,Y
西鉄久留米,니시테쓰쿠루메,Nishitetsukurume,30,Y
秩父,지치부,Chichibu,30,N-new
箱根ケ崎,하코네케사키,Hakonekesaki,29,N-new
肥後橋,히고바시,Higobashi,29,Y
北浦和,기타우라와,Kitaurawa,29,Y
博多南,하카타미나미,Hakataminami,29,Y
名鉄岐阜,메이테쓰기후,Meitetsugifu,29,Y
葛西,가사이,Kasai,29,Y
岡山駅前,오카야마에키마에,Okayamaekimae,29,Y
姪浜,메이노하마,Meinohama,29,N-new
豊橋,도요하시,Toyohashi,28,N-new
竹ノ塚,다케노쓰카,Takenotsuka,28,N-new
宇治山田,우지야마다,Ujiyamada,28,Y
三ノ宮（ＪＲ）,산노미야,Sannomiya(Jr),28,Y
駅前,에키마에,Ekimae,28,N-new
佐世保中央,사세보추오,Sasebochuo,28,Y
伊勢市,이세시,Iseshi,28,Y
京成金町,게이세이카네마치,Keiseikanemachi,28,Y
黄金町,고가네초,Koganecho,28,Y
藤沢,후지사와,Fujisawa,27,N-new
三宮（神戸市営）,산노미야코베시에이,Sannomiya(Kobeshiei),27,Y
大阪阿部野橋,오사카아베노하시,Osakaabenohashi,27,Y
新浜松,니이하마마쓰,Niihamamatsu,27,Y
中佐世保,주사요호,Chusayoho,27,Y
すすきの（市営）,스스키노시에이,Susukino(Shiei),27,Y
熱田,아쓰타,Atsuta,26,N-new
近鉄四日市,긴테쓰욧카이치,Kintetsuyokkaichi,26,Y
南林間,미나미린칸,Minamirinkan,26,Y
佐渡市その他,사도시소노호카,Sadoshisonohoka,26,N-new
福生,훗사,Fussa,26,Y
石上,이시가미,Ishigami,26,Y
あすなろう四日市,아스나로욧카이치,Asunaroyokkaichi,26,Y
すすきの（市電）,스스키노시덴,Susukino(Shiden),25,Y
淀屋橋,요도야바시,Yodoyabashi,25,N-new
三ノ輪橋,산노와하시,Sannowahashi,25,Y
三ノ輪,산노와,Sannowa,25,Y
喜多山,기타야마,Kitayama,24,N-new
天王寺駅前,덴노지에키마에,Tennojiekimae,24,N-new
守谷,모리야,Moriya,24,Y
佐野市,사노시,Sanoshi,24,Y
阪東橋,반도하시,Bandohashi,24,Y
岐阜,기후,Gifu,24,Y
天文館通,덴몬칸토오리,Tenmonkantori,23,Y
堺筋本町,사카이스지혼초,Sakaisujihoncho,23,Y
奥多摩,오쿠타마,Okutama,23,Y
武蔵五日市,무사시이쓰카이치,Musashiitsukaichi,23,N-new
花畑,하나하타,Hanahata,22,Y
青梅,오메,Ome,22,N-new
長崎,나가사키,Nagasaki,22,N-new
倉敷市,구라시키시,Kurashikishi,22,N-new
倉敷,구라시키,Kurashiki,22,Y
東神奈川,히가시카나가와,Higashikanagawa,22,Y
秋川,아키가와,Akigawa,22,Y
厚木,아쓰기,Atsugi,22,Y
長崎駅前,나가사키에키마에,Nagasakiekimae,22,N-new
山形,야마가타,Yamagata,21,Y
松戸,마쓰도,Matsudo,21,Y
草津,구사쓰,Kusatsu,21,Y
戸田,도다,Toda,21,Y
佐野,사노,Sano,21,Y
太田,오타,Ota,21,Y
新津田沼,신쓰다누마,Shintsudanuma,21,N-new
熊本城・市役所前,구마모토조시야쿠쇼마에,Kumamotojo・Shiyakushomae,20,Y
福井,후쿠이,Fukui,20,Y
鳩ケ谷,하토케타니,Hatoketani,20,N-new
甲府,고후,Kofu,20,Y
東白楽,도하쿠라쿠,Tohakuraku,20,Y
河口湖,가와구치코,Kawaguchiko,20,Y
来宮,기노미야,Kinomiya,19,Y
飯塚,이이즈카,Iizuka,19,Y
黒崎,구로사키,Kurosaki,19,Y
松島海岸,마쓰시마카이간,Matsushimakaigan,19,N-new
黒崎駅前,구로사키에키마에,Kurosakiekimae,19,Y
京成津田沼,게이세이쓰다누마,Keiseitsudanuma,18,Y
茨木,이바라키,Ibaraki,18,N-new
一之江,이치노에,Ichinoe,18,Y
尾張一宮,오와리이치노미야,Owariichinomiya,18,N-new
宮の沢,미야노사와,Miyanosawa,18,N-new
小山,오야마,Oyama,18,Y
南小樽,미나미오타루,Minamiotaru,18,N-new
帯広,오비히로,Obihiro,17,Y
原町,하라마치,Haramachi,17,Y
西葛西,니시카사이,Nishikasai,17,Y
花畑町,하나바타초,Hanabatacho,17,Y
下関,시모노세키,Shimonoseki,17,Y
鴻巣,고노스,Konosu,17,N-new
太宰府,다자이후,Dazaifu,17,N-new
羽後牛島,우고시지마,Ugoshijima,17,N-new
鈴木町,스즈키초,Suzukicho,17,N-new
名鉄一宮,메이테쓰이치노미야,Meitetsuichinomiya,17,N-new
鬼子母神前,기시모진마에,Kishimojinmae,17,Y
宮内,미야우치,Miyauchi,17,N-new
北野白梅町,기타노시라우메마치,Kitanoshiraumemachi,16,Y
幸谷,고타니,Kotani,16,N-new
長浜,나가하마,Nagahama,16,N-new
伊豆大島,이즈오시마,Izuoshima,16,N-new
米沢,요네자와,Yonezawa,16,N-new
白楽,하쿠라쿠,Hakuraku,16,Y
高槻,다카쓰키,Takatsuki,16,Y
金手,긴테,Kinte,16,N-new
王子駅前,오지에키마에,Ojiekimae,16,Y
いづろ通,이즈로토오리,Izurotori,16,N-new
北大路,기타오지,Kitaoji,16,Y
一乗寺,이치조지,Ichijoji,16,Y
桶川,오케가와,Okegawa,16,N-new
笹原,사사하라,Sasahara,16,N-new
越後湯沢,에치고유자와,Echigoyuzawa,16,Y
鹿島田,가시마타,Kashimata,16,Y
湯河原,유가와라,Yugawara,16,Y
東飯能,히가시한노,Higashihanno,16,Y
相武台前,소부다이마에,Sobudaimae,16,N-new
新大村,신다이무라,Shindaimura,16,N-new
酒殿,사케도노,Sakedono,15,Y
片原町（高松）,가타하라마치타카마쓰,Kataharamachi(Takamatsu),15,Y
多摩川,다마가와,Tamagawa,15,Y
新三郷,신조사토,Shinzosato,15,N-new
横川,요코카와,Yokokawa,15,Y
王子,오지,Oji,15,Y
八街,야치마타,Yachimata,15,N-new
中山,나카야마,Nakayama,15,Y
戸塚,도쓰카,Totsuka,14,Y
恵美須町,에비스마치,Ebisumachi,14,N-new
諏訪,스와,Suwa,14,N-new
大垣,오가키,Ogaki,14,Y
筑前前原,지쿠젠마에하라,Chikuzenmaehara,14,Y
菖蒲町その他,쇼부마치소노호카,Shobumachisonohoka,14,N-new
新川崎,신카와사키,Shinkawasaki,14,Y
南守谷,미나미모리야,Minamimoriya,14,Y
新町,신마치,Shinmachi,14,Y
福島,후쿠시마,Fukushima,14,Y
大阪上本町,오사카우에혼마치,Osakauehonmachi,14,Y
富士山,후지산,Fujisan,14,N-new
飯能,한노,Hanno,14,Y
郡山,고리야마,Koriyama,14,N-new
加納,가노,Kano,14,Y
田園調布,덴엔초후,Den'Enchofu,14,Y
曽根田,소네다,Soneda,14,Y
胡町,에비스초,Ebisucho,14,Y
つくば,쓰쿠바,Tsukuba,14,Y
京急東神奈川,게이큐히가시카나가와,Keikyuhigashikanagawa,14,Y
谷町九丁目,다니마치큐초메,Tanimachikyuchome,14,N-new
十字街,주지마치,Jujimachi,14,N-new
四方津,시호쓰,Shihotsu,14,Y
福住,후쿠즈미,Fukuzumi,13,N-new
山陽姫路,산요히메지,Sanyohimeji,13,N-new
春日井（ＪＲ）,가스가이（ＪＲ）,Kasugai(Jr),13,N-new
梁川,야나가와,Yanagawa,13,Y
修学院,슈가쿠인,Shugakuin,13,Y
幡生,하타나마,Hatanama,13,Y
中津川,나카쓰가와,Nakatsugawa,13,N-new
福井城址大名町,후쿠이조시다이묘마치,Fukuijoshidaimyomachi,13,Y
水戸,미토,Mito,13,Y
浄心,조신,Joshin,13,N-new
三島広小路,미시마히로코지,Mishimahirokoji,13,N-new
武蔵藤沢,무사시후지사와,Musashifujisawa,13,Y
鳥取,돗토리,Tottori,13,Y
姫路,히메지,Himeji,13,N-new
豊田市,도요타시,Toyotashi,13,N-new
元田中,모토타나카,Mototanaka,12,Y
三ツ境,산쓰사카이,Santsusakai,12,Y
金沢八景,가나자와핫케이,Kanazawahakkei,12,Y
多治見,다지미,Tajimi,12,Y
函館駅前,하코다테에키마에,Hakodateekimae,12,N-new
八幡,하치만,Hachiman,12,Y
船堀,후나보리,Funabori,12,Y
西横浜,니시요코하마,Nishiyokohama,12,Y
竜舞,류마이,Ryumai,12,N-new
大阪ビジネスパーク,오사카비지네스파쿠,Osakabijinesupaaku,12,Y
馬替,우마카에,Umakae,12,Y
戸畑,고하타,Kohata,12,Y
北中城村,기타나카구스쿠무라,Kitanakagusukumura,12,N-new
天王町,덴노초,Tennocho,12,Y
丹波口,단바구치,Tanbaguchi,11,Y
旭,아사히,Asahi,11,Y
福間,후쿠마,Fukuma,11,Y
中軽井沢,나카카루이자와,Nakakaruizawa,11,Y
西長堀,니시나가호리,Nishinagahori,11,Y
千葉中央,지바추오,Chibachuo,11,Y
東武日光,도부닛코,Tobunikko,11,Y
読谷村,요미탄무라,Yomitanmura,11,N-new
茅野,지노,Chino,11,Y
岡谷,오카야,Okaya,11,Y
広島,히로시마,Hiroshima,11,Y
三浦半島その他,미우라한시마소노호카,Miurahanshimasonohoka,11,Y
白石（ＪＲ北海道）,시로이시홋카이도,Shiroishi(Jrhokkaido),11,Y
北谷町,기타타니마치,Kitatanimachi,11,Y
二十四軒,니주시켄,Nijushiken,11,N-new
上諏訪,가미스와,Kamisuwa,11,Y
城下,조카,Joka,11,Y
千歳,지토세,Chitose,11,Y
西馬込,니시마고메,Nishimagome,11,Y
焼津,야이즈,Yaizu,11,Y
葭川公園,요시카와코엔,Yoshikawakoen,11,Y
三郷,미사토,Misato,11,Y
折尾,세쓰비,Setsubi,11,Y
高松築港,다카마쓰칫코,Takamatsuchikko,11,N-new
十三,주산,Jusan,10,Y
大分,오이타,Oita,10,Y
九州工大前,규슈코다이마에,Kyushukodaimae,10,Y
榎戸,에노토,Enoto,10,N-new
西北見,세이호쿠켄,Seihokuken,10,Y
阿波座,아와자,Awaza,10,Y
氷見,히미,Himi,10,Y
日光,닛코,Nikko,10,Y
長後,조고,Chogo,10,N-new
酒田,사카타,Sakata,10,Y
新今宮駅前,신이마미야에키마에,Shin'Imamiyaekimae,10,N-new
琴似（札幌市営）,고토니（삿포로시에이）,Kotoni(Sapporoshiei),10,N-new
谷町四丁目,다니마치시테이메,Tanimachishiteime,10,Y
北山,기타야마,Kitayama,10,Y
鳥羽,도바,Toba,10,N-new
蓮田,하스다,Hasuda,10,Y
松山市,마쓰야마시,Matsuyamashi,10,Y
春日部,가스카베,Kasukabe,10,Y
本城,혼조,Honjo,10,Y
松屋町,마쓰야마치,Matsuyamachi,10,Y
盛岡,모리오카,Morioka,10,Y
成田,나리타,Narita,10,Y
入間市,이루마시,Irumashi,10,N-new
喜多方,기타카타,Kitakata,10,Y
踊場,오도리바,Odoriba,10,Y
敦賀,쓰루가,Tsuruga,10,Y
南知多町その他,미나미치타마치소노호카,Minamichitamachisonohoka,10,N-new
江南,고난,Konan,10,N-new
宮山,미야야마,Miyayama,10,N-new
那須町その他,나스마치소노호카,Nasumachisonohoka,10,Y
糸満市,이토만시,Itomanshi,10,N-new
岩村田,이와무라다,Iwamurada,10,Y
富士急ハイランド,후지큐하이란도,Fujikyuhairando,9,N-new
立町,다치마치,Tachimachi,9,Y
中福良,나카후쿠료,Nakafukuryo,9,N-new
本塩釜,혼시오가마,Honshiogama,9,N-new
嵐電嵯峨,란덴사가,Randensaga,9,Y
東大宮,도다이미야,Todaimiya,9,N-new
電鉄富山,덴테쓰토야마,Dentetsutoyama,9,Y
野々市工大前,노노이치코다이마에,Nonoichikodaimae,9,Y
下呂,게로,Gero,9,Y
北山形,기타야마카타치,Kitayamakatachi,9,Y
京成成田,게이세이나리타,Keiseinarita,9,Y
大津,오쓰,Otsu,9,Y
上大岡,가미오카,Kamiooka,9,Y
上大月,우에오쓰키,Ueotsuki,9,N-new
長瀞,나가토로,Nagatoro,9,N-new
東区役所前,히가시쿠야쿠쇼마에,Higashikuyakushomae,9,N-new
浜金谷,하마킨타니,Hamakintani,9,Y
中田,나카다,Nakada,9,Y
ドーム前千代崎,도무마에치요자키,Domumaechiyozaki,9,Y
南あわじ市その他,미나미아와지시소노호카,Minamiawajishisonohoka,9,N-new
谷町六丁目,다니마치로쿠초메,Tanimachirokuchome,9,Y
富山,도야마,Toyama,9,Y
湘南台,쇼난다이,Shonandai,9,Y
城東,조토,Joto,9,Y
木更津市その他,기사라즈시소노호카,Kisarazushisonohoka,9,N-new
中之郷,나카유키사토,Nakayukisato,9,N-new
佐久平,사쿠다이라,Sakudaira,9,Y
北新横浜,기타신요코하마,Kitashinyokohama,9,N-new
土浦,쓰치우라,Tsuchiura,9,Y
上田,우에다,Ueda,9,Y
南酒々井,미나미사케々이,Minamisake(Kurikaesi)I,9,N-new
中央弘前,주오히로사키,Chuohirosaki,8,N-new
都留文科大学前,쓰루분카다이가쿠마에,Tsurubunkadaigakumae,8,Y
港南中央,고난추오,Konanchuo,8,Y
りんくう常滑,린쿠우토코나메,Rinkutokoname,8,Y
出光美術館,이데미쓰비주쓰칸,Idemitsubijutsukan,8,Y
中央前橋,주오마에바시,Chuomaebashi,8,Y
上長瀞,조초토로,Jochotoro,8,Y
矢加部,야카베,Yakabe,8,Y
鶴岡,쓰루오카,Tsuruoka,8,Y
勝山町,가쓰야마마치,Katsuyamamachi,8,N-new
秦野,하다노,Hadano,8,N-new
女川,메가와,Megawa,8,N-new
牛久,우시쿠,Ushiku,8,Y
二条,니조,Nijo,8,Y
志津,시즈,Shizu,8,N-new
宮崎,미야자키,Miyazaki,8,Y
余市,요이치,Yoichi,8,N-new
ひたち野うしく,히타치노시쿠,Hitachinoshiku,8,Y
西富士宮,니시후지노미야,Nishifujinomiya,8,N-new
神保原,진보하라,Jinbohara,8,Y
八女市その他,야메시소노호카,Yameshisonohoka,8,Y
儀保,기호,Giho,8,N-new
倉見,구라미,Kurami,8,N-new
阪神国道,한신코쿠도,Hanshinkokudo,8,N-new
下曽根,시모소네,Shimosone,8,Y
逗子,즈시,Zushi,8,Y
九州鉄道記念館,규슈테쓰도키넨칸,Kyushutetsudokinenkan,8,Y
環状通東,간조토오리히가시,Kanjotorihigashi,8,N-new
糸島高校前,이토시마코코마에,Itoshimakokomae,8,Y
中津,나카쓰,Nakatsu,8,Y
名護市,나고시,Nagoshi,8,Y
小淵沢,오부치자와,Obuchizawa,8,Y
鶴ケ峰,쓰루케미네,Tsurukemine,8,Y
彦根,히코네,Hikone,8,N-new
逗子・葉山,즈시하야마,Zushi・Hayama,8,Y
桜町,사쿠라마치,Sakuramachi,8,Y
てだこ浦西,데다코라니시,Tedakoranishi,8,N-new
北見,기타미,Kitami,8,Y
赤塚,아카쓰카,Akatsuka,8,Y
江ノ島,고노시마,Konoshima,8,Y
西鉄柳川,니시테쓰야나가와,Nishitetsuyanagawa,8,Y
千葉ニュータウン中央,지바뉴타운추오,Chibanyutaunchuo,8,N-new
下今市,시타이마이치,Shitaimaichi,7,Y
布施,후세,Fuse,7,Y
スペースワールド,스페스와루도,Supeesuwaarudo,7,Y
安部山公園,아베야마코엔,Abeyamakoen,7,N-new
等持院・立命館大学衣笠キャンパス前,도지인・리쓰메이칸다이가쿠키누가사캰파스마에,Tojiin・Ritsumeikandaigakukinugasakyanpasumae,7,N-new
片瀬江ノ島,가타세코노시마,Katasekonoshima,7,N-new
安房鴨川,아와카모가와,Awakamogawa,7,Y
浦安,우라야스,Urayasu,7,Y
旭川,아사히카와,Asahikawa,7,Y
淡路市その他,아와지시소노호카,Awajishisonohoka,7,N-new
草薙（静岡鉄道）,구사나기（시즈오카테쓰도）,Kusanagi(Shizuokatetsudo),7,N-new
愛川町その他,아이카와마치소노호카,Aikawamachisonohoka,7,N-new
辰巳,다쓰미,Tatsumi,7,N-new
富雄,도미오,Tomio,7,Y
新豊田,신토요다,Shintoyoda,7,N-new
石和温泉,이시와온센,Ishiwaonsen,7,N-new
首里,슈리,Shuri,7,N-new
蟹江,가니에,Kanie,7,N-new
草薙（ＪＲ）,구사나기（ＪＲ）,Kusanagi(Jr),7,N-new
北３４条,기타３４조,Kita34Jo,7,N-new
嵐山（京福）,아라시야마（케이후쿠）,Arashiyama(Keifuku),7,N-new
渋川市その他,시부카와시소노호카,Shibukawashisonohoka,7,N-new
松阪,마쓰사카,Matsusaka,7,Y
五橋,이쓰쓰바시,Itsutsubashi,7,Y
紙屋町東,가미야초히가시,Kamiyachohigashi,7,Y
吉田町その他,요시다초소노호카,Yoshidachosonohoka,7,N-new
三河安城,미카와안조,Mikawaanjo,7,N-new
野島公園,노지마코엔,Nojimakoen,7,N-new
宮古島市,미야코시마시,Miyakoshimashi,7,Y
研究学園,겐큐가쿠엔,Kenkyugakuen,7,N-new
出町柳,데마치야나기,Demachiyanagi,7,N-new
塚口（阪急）,쓰카구치한큐,Tsukaguchi(Hankyu),7,Y
津,쓰,Tsu,7,N-new
おもちゃのまち,오모차노마치,Omochanomachi,6,N-new
柏の葉キャンパス,가시와노하캰파스,Kashiwanohakyanpasu,6,Y
石打,이시우치,Ishiuchi,6,N-new
桃山御陵前,모모야마고료마에,Momoyamagoryomae,6,Y
行橋,유쿠하시,Yukuhashi,6,Y
小布施,오부세,Obuse,6,Y
富士宮,후지노미야,Fujinomiya,6,Y
佐賀市その他,사가시소노호카,Sagashisonohoka,6,Y
石垣市,이시가키시,Ishigakishi,6,N-new
塚西,쓰카니시,Tsukanishi,6,Y
遠賀川,온가카와,Ongakawa,6,Y
南草津,미나미소쓰,Minamisotsu,6,Y
子安,고야스,Koyasu,6,Y
南郷１８丁目,난고초메,Nango18Chome,6,Y
新在家,신자이케,Shinzaike,6,Y
平和,헤이와,Heiwa,6,Y
草津町その他,구사쓰마치소노호카,Kusatsumachisonohoka,6,Y
亀川,가메카와,Kamekawa,6,N-new
円山公園,마루야마코엔,Maruyamakoen,6,N-new
本通,혼도오리,Hondori,6,Y
尼崎（ＪＲ）,아마가사키（ＪＲ）,Amagasaki(Jr),6,N-new
伏見桃山,후시미모모야마,Fushimimomoyama,6,Y
和歌山市,와카야마시,Wakayamashi,6,Y
磯部,이소베,Isobe,6,N-new
八木崎,야기사키,Yagisaki,6,N-new
東松山,히가시마쓰야마,Higashimatsuyama,6,N-new
小路（大阪メトロ）,고지오사카메토로,Koji(Osakametoro),6,Y
西宮北口,니시노미야키타구치,Nishinomiyakitaguchi,6,N-new
玉出,다마슈쓰,Tamashutsu,6,Y
由布院,유후인,Yufuin,6,Y
藤枝,후지에다,Fujieda,6,N-new
飯田,이이다,Iida,6,N-new
田奈,다나,Tana,6,Y
美濃高田,미노타카다,Minotakada,6,Y
熊谷,구마가야,Kumagaya,6,Y
ドーム前,도무마에,Domumae,6,Y
宇治（ＪＲ）,우지（ＪＲ）,Uji(Jr),6,N-new
広電宮島口,히로덴미야지마쿠치,Hirodenmiyajimakuchi,6,N-new
東海大学前,도카이다이가쿠마에,Tokaidaigakumae,6,N-new
西尾口,니시오쿠치,Nishiokuchi,6,N-new
近江八幡,오미하치만,Omihachiman,6,N-new
筑後吉井,지쿠고요시이,Chikugoyoshii,6,Y
三原市,미하라시,Miharashi,6,N-new
広丘,고오카,Koka,6,N-new
五日町,이쓰카마치,Itsukamachi,6,N-new
堅田,가타타,Katata,6,N-new
共和,교와,Kyowa,6,N-new
印西牧の原,인자이마키노하라,Inzaimakinohara,6,N-new
伊豆急下田,이즈큐시모다,Izukyushimoda,6,Y
大牟田,오무타,Omuta,6,Y
西桑名,니시쿠와나,Nishikuwana,6,Y
中之条,나카노조,Nakanojo,6,N-new
桑名,구와나,Kuwana,6,Y
海津市その他,가이즈시소노호카,Kaizushisonohoka,5,N-new
旭川四条,아사히카와시조,Asahikawashijo,5,N-new
甚目寺,지모쿠지,Jimokuji,5,N-new
伊東,이토,Ito,5,Y
三崎口,미사키구치,Misakiguchi,5,Y
中電前,주덴마에,Chudenmae,5,Y
はりまや橋,하리마야하시,Harimayahashi,5,N-new
新千葉,신치바,Shinchiba,5,Y
水上,스이조,Suijo,5,N-new
六名,로쿠메이,Rokumei,5,N-new
小町屋,고마치야,Komachiya,5,Y
六甲道,롯코미치,Rokkomichi,5,Y
大谷地,오야치,Oyachi,5,N-new
苅田,가리다,Karida,5,Y
上州福島,조슈후쿠시마,Joshufukushima,5,N-new
甘木（甘木鉄道）,아마기아마기테쓰도,Amagi(Amagitetsudo),5,Y
青森,아오모리,Aomori,5,N-new
西院（京福）,사이인케이후쿠,Saiin(Keifuku),5,Y
ＪＲ河内永和,ＪＲ카와우치히사카즈,Jrkawauchihisakazu,5,N-new
羽犬塚,하이누즈카,Hainuzuka,5,Y
上星川,조세이카와,Joseikawa,5,Y
伊豆市その他,이즈시소노호카,Izushisonohoka,5,Y
粟野,아와노,Awano,5,N-new
月江寺,겟코테라,Gekkotera,5,N-new
東野,히가시노,Higashino,5,Y
岩槻,이와쓰키,Iwatsuki,5,N-new
燕三条,쓰바메산조,Tsubamesanjo,5,Y
甘木（西鉄）,아마기니시테쓰,Amagi(Nishitetsu),5,Y
尾道,오노미치,Onomichi,5,Y
桜町前,사쿠라마치마에,Sakuramachimae,5,N-new
南宮崎,미나미미야자키,Minamimiyazaki,5,Y
岩本,이와모토,Iwamoto,5,Y
袋井,후쿠로이,Fukuroi,5,N-new
せきてらす前,세키테라스마에,Sekiterasumae,5,Y
福山,후쿠야마,Fukuyama,5,Y
干潟,히가타,Higata,5,N-new
西院（阪急）,사이인한큐,Saiin(Hankyu),5,Y
柏崎,가시와자키,Kashiwazaki,5,N-new
宇治（京阪）,우지（케이한）,Uji(Keihan),5,N-new
堺東,사카이히가시,Sakaihigashi,5,Y
三滝,미타키,Mitaki,5,Y
古河,고가,Koga,5,N-new
デンテツターミナルビル前,덴테쓰타미나루비루마에,Dentetsutaaminarubirumae,5,N-new
長町,나가마치,Nagamachi,5,Y
下新庄,시모신조,Shimoshinjo,5,Y
平岸（札幌市営）,히라기시삿포로시에이,Hiragishi(Sapporoshiei),5,Y
弘高下,히로타카시타,Hirotakashita,5,N-new
六丁の目,로쿠초노메,Rokuchonome,5,N-new
たけふ新,다케후신,Takefushin,5,Y
ひばりが丘,히바리가오카,Hibarigaoka,5,Y
上新庄,조신쇼,Joshinsho,5,Y
上熊谷,우에쿠마가야,Uekumagaya,5,Y
花田口,하나다쿠치,Hanadakuchi,5,N-new
山北,산포쿠,Sanpoku,5,N-new
浦添前田,우라소에마에다,Urasoemaeda,5,N-new
横須賀中央,요코스카추오,Yokosukachuo,5,Y
芦屋（ＪＲ）,아시야（ＪＲ）,Ashiya(Jr),5,N-new
江坂,에사카,Esaka,5,N-new
駒ケ根,고마케네,Komakene,5,Y
唐津,가라쓰,Karatsu,5,Y
白浜,시라하마,Shirahama,5,Y
箕面萱野,미노오카야노,Minokayano,5,N-new
黒石,구로이시,Kuroishi,5,Y
玉淀,다마요도,Tamayodo,5,Y
一本松,잇폰마쓰,Ipponmatsu,5,Y
武生,다케후,Takefu,5,Y
東岡崎,히가시오카자키,Higashiokazaki,5,N-new
桜島,사쿠라시마,Sakurashima,5,N-new
関,간,Kan,5,Y
青堀,아오호리,Aohori,5,N-new
和歌山,와카야마,Wakayama,5,N-new
東郷,도고,Togo,5,Y
大磯,오이소,Oiso,5,Y
東酒田,히가시사카타,Higashisakata,4,Y
牧之原市その他,마키노하라시소노호카,Makinoharashisonohoka,4,N-new
潮見,시오미,Shiomi,4,Y
寄居,요리이,Yorii,4,N-new
荒川沖,아라카와오키,Arakawaoki,4,Y
箕面,미노오,Mino,4,N-new
本諫早,혼이사하야,Honisahaya,4,Y
杉田,스기타,Sugita,4,Y
八幡浜,야와타하마,Yawatahama,4,N-new
播州赤穂,반슈아코,Banshuako,4,N-new
十文字,주몬지,Jumonji,4,Y
御影（阪神）,미카게（한신）,Mikage(Hanshin),4,N-new
亀山,가메야마,Kameyama,4,N-new
大河原,오가와라,Ogawara,4,N-new
佐賀,사가,Saga,4,Y
室,시쓰,Shitsu,4,N-new
筑豊直方,지쿠호노오가타,Chikuhonogata,4,Y
穂高,호다카,Hodaka,4,N-new
二宮,니노미야,Ninomiya,4,Y
本郷台,혼고다이,Hongodai,4,Y
山手,야마테,Yamate,4,Y
小松,고마쓰,Komatsu,4,N-new
館山,다테야마,Tateyama,4,Y
ひこね芹川,히코네세리카와,Hikoneserikawa,4,N-new
富谷町その他,도미야초소노호카,Tomiyachosonohoka,4,Y
庄内,쇼나이,Shonai,4,Y
芦屋川,아시야카와,Ashiyakawa,4,N-new
水海道,미쓰카이도,Mitsukaido,4,Y
平戸市その他,히라도시소노호카,Hiradoshisonohoka,4,N-new
砂川,스나가와,Sunagawa,4,N-new
釧路,구시로,Kushiro,4,N-new
撫牛子,부우시코,Bushiko,4,Y
柏矢町,가시와야마치,Kashiwayamachi,4,N-new
金蔵寺,긴조테라,Kinzotera,4,Y
三本松口,산본마쓰쿠치,Sanbonmatsukuchi,4,N-new
八木原,야기하라,Yagihara,4,Y
佐原,사와라,Sawara,4,Y
玉名,다마나,Tamana,4,Y
電鉄魚津,덴테쓰우오즈,Dentetsuozu,4,Y
松江しんじ湖温泉,마쓰에신지미즈우미온센,Matsueshinjimizumionsen,4,Y
海老津,에비쓰,Ebitsu,4,Y
多賀大社前,다가타이샤마에,Tagataishamae,4,N-new
日田,히타,Hita,4,Y
沼田,누마타,Numata,4,N-new
中島公園,나카지마코엔,Nakajimakoen,4,Y
茂原,모바라,Mobara,4,Y
西大路,니시오지,Nishioji,4,Y
吉野ケ里公園,요시노케사토코엔,Yoshinokesatokoen,4,N-new
思川,오모이가와,Omoigawa,4,N-new
徳和,노리카즈,Norikazu,4,Y
千林,센바야시,Senbayashi,4,Y
黒磯,구로이소,Kuroiso,4,Y
島原,시마바라,Shimabara,4,N-new
後藤,고토,Goto,4,Y
坂出市その他,사카이데시소노호카,Sakaideshisonohoka,4,N-new
高山市その他,고잔시소노호카,Kozanshisonohoka,4,N-new
大口,오구치,Oguchi,4,N-new
西帯広,니시오비히로,Nishiobihiro,4,Y
八尾南,야오미나미,Yaominami,4,N-new
恵那,에나,Ena,4,N-new
北広島,기타히로시마,Kitahiroshima,4,Y
吹田（ＪＲ）,스이타,Suita(Jr),4,Y
天満橋,덴마바시,Tenmabashi,4,Y
都住,미야코주,Miyakoju,4,Y
湯浅,유아사,Yuasa,4,Y
妙心寺,묘신테라,Myoshintera,4,N-new
春日居町,가스가이초,Kasugaicho,4,N-new
五井,고이,Goi,4,Y
大阪空港,오사카쿠우코,Osakakuko,4,Y
新青森,신아오모리,Shinaomori,4,Y
北坂戸,기타사카코,Kitasakako,4,Y
くぬぎ山,구누기야마,Kunugiyama,4,Y
高坂,다카사카,Takasaka,4,Y
野洲,야스,Yasu,4,N-new
御室仁和寺,오무로니와테라,Omuroniwatera,4,N-new
会津豊川,아이즈토요카와,Aizutoyokawa,4,Y
蒲生四丁目,가모시테이메,Gamoshiteime,4,Y
出雲市,이즈모시,Izumoshi,4,N-new
天童,덴도,Tendo,4,Y
山中湖村その他,야마나카코무라소노호카,Yamanakakomurasonohoka,4,Y
希望ケ丘,기보케오카,Kibokeoka,4,N-new
ユニバーサルシティ,유니바사루시테ぃ,Yunibaasarushitei,4,N-new
電鉄出雲市,덴테쓰이즈모시,Dentetsuizumoshi,4,N-new
動物公園,도부쓰코엔,Dobutsukoen,4,Y
日生,닛세이,Nissei,4,Y
屏風浦,뵤부우라,Byobura,4,Y
高雄,다카오,Takao,3,Y
大船渡,오후나토,Ofunato,3,N-new
白河,시라카와,Shirakawa,3,Y
けやき台,게야키다이,Keyakidai,3,N-new
真駒内,마코마나이,Makomanai,3,N-new
有馬温泉,아리마온센,Arimaonsen,3,N-new
上今市,우에이마이치,Ueimaichi,3,Y
南米沢,난베이사와,Nanbeisawa,3,N-new
紀伊勝浦,기이카쓰우라,Kiikatsura,3,Y
岡部,오카베,Okabe,3,N-new
指宿,이부스키,Ibusuki,3,N-new
古里,후루사토,Furusato,3,N-new
弥彦,야히코,Yahiko,3,N-new
笠間市その他,가사마시소노호카,Kasamashisonohoka,3,N-new
嬉野温泉,우레시노온센,Ureshinonsen,3,N-new
洞爺湖町その他,도야코마치소노호카,Toyakomachisonohoka,3,N-new
土橋,도바시,Dobashi,3,Y
中札内村その他,나카사쓰나이무라소노호카,Nakasatsunaimurasonohoka,3,N-new
大和八木,야마토야기,Yamatoyagi,3,N-new
相生,아이오이,Aioi,3,N-new
すずらんの里,스즈란노사토,Suzurannosato,3,Y
永田,나가타,Nagata,3,N-new
土居,쓰치이,Tsuchii,3,Y
船岡,후나오카,Funaoka,3,N-new
富良野,후라노,Furano,3,N-new
石巻,이시노마키,Ishinomaki,3,N-new
登別市その他,노보리베쓰시소노호카,Noboribetsushisonohoka,3,N-new
美祢市その他,미네시소노호카,Mineshisonohoka,3,Y
長池,나가이케,Nagaike,3,Y
小豆島町その他,쇼즈시마마치소노호카,Shozushimamachisonohoka,3,N-new
塚本,쓰카모토,Tsukamoto,3,Y
栃木,도치기,Tochigi,3,Y
加木屋中ノ池,가키야나카노이케,Kakiyanakanoike,3,N-new
直方,노오가타,Nogata,3,Y
田京,다쿄,Takyo,3,N-new
三里木,산리키,Sanriki,3,N-new
札幌市南区その他,삿포로시미나미쿠소노호카,Sapporoshiminamikusonohoka,3,N-new
赤湯,아카유,Akayu,3,Y
三沢,미사와,Misawa,3,N-new
野江,노에,Noe,3,N-new
小見川,오미가와,Omigawa,3,Y
柳井,야나이,Yanai,3,N-new
滝川,다키카와,Takikawa,3,N-new
美濃太田,미노오타,Minoota,3,N-new
河和,고와,Kowa,3,N-new
たびら平戸口,다비라히라도쿠치,Tabirahiradokuchi,3,N-new
掛川,가케가와,Kakegawa,3,Y
みつわ台,미쓰와다이,Mitsuwadai,3,Y
北水海道,호쿠스이카이도,Hokusuikaido,3,Y
錦岡,니시키오카,Nishikioka,3,N-new
上盛岡,우에모리오카,Uemorioka,3,Y
かみのやま温泉,가미노야마온센,Kaminoyamaonsen,3,N-new
薬師堂,야쿠시도,Yakushido,3,Y
大麻,다이마,Taima,3,Y
肥後大津,히고오쓰,Higootsu,3,Y
隼人,하야토,Hayato,3,Y
七日町,나누카마치,Nanukamachi,3,Y
岩沼,이와누마,Iwanuma,3,Y
南魚崎,미나미우오사키,Minamiuosaki,3,N-new
岡本,오카모토,Okamoto,3,N-new
新伊勢崎,신이세사키,Shinisesaki,3,N-new
今治,이마바리,Imabari,3,N-new
垂水市その他,다루미즈시소노호카,Tarumizushisonohoka,3,N-new
北広島市その他,기타히로시마시소노호카,Kitahiroshimashisonohoka,3,N-new
太子堂,다이시도,Taishido,3,N-new
館林,다테바야시,Tatebayashi,3,Y
霊丘公園体育館,레이오카코엔타이이쿠칸,Reiokakoentaiikukan,3,Y
ワイキキ,와이키키,Waikiki,3,N-new
守山,모리야마,Moriyama,3,N-new
東福山,도후쿠야마,Tofukuyama,3,Y
横河原,요코가와하라,Yokogawahara,3,N-new
十条（近鉄）,주조（킨테쓰）,Jujo(Kintetsu),3,N-new
羽鳥,하토리,Hatori,3,Y
針中野,하리나카노,Harinakano,3,N-new
新玉名,신타마메이,Shintamamei,3,Y
伊勢崎,이세사키,Isesaki,3,Y
会津若松,아이즈와카마쓰,Aizuwakamatsu,3,Y
神戸,고베,Kobe,3,N-new
角館,가쿠노다테,Kakunodate,3,Y
シンガポール・チャンギ国際空港 (SIN) 周辺,신가포루・찬기코쿠사이쿠우코 (SIN) 슈헨,Shingaporu・Changikokusaikuko (Sin) Shuhen,3,N-new
沖縄市,오키나와시,Okinawashi,3,N-new
安積永盛,아사카에이조,Asakaeijo,3,Y
高岡,다카오카,Takaoka,3,Y
京都市左京区その他,교토시사쿄쿠소노호카,Kyotoshisakyokusonohoka,3,N-new
今里（近鉄）,이마사토킨테쓰,Imasato(Kintetsu),3,Y
松江,마쓰에,Matsue,3,Y
新長田,신나가타,Shinnagata,3,Y
波止浜,하시하마,Hashihama,3,N-new
苅藻,가리모,Karimo,3,Y
新白河,신시라카와,Shinshirakawa,3,Y
陸奥湊,미치노쿠미나토,Michinokuminato,3,N-new
南陽市役所,난요시야쿠쇼,Nanyoshiyakusho,3,Y
初石,하쓰이시,Hatsuishi,3,Y
富浦,도미우라,Tomiura,3,Y
古国府,후루고,Furugo,3,Y
近鉄郡山,긴테쓰코리야마,Kintetsukoriyama,3,N-new
鞍馬,구라마,Kurama,3,Y
石狩市その他,이시카리시소노호카,Ishikarishisonohoka,3,N-new
阿波池田,아와이케다,Awaikeda,3,N-new
木ノ本,기노혼,Kinohon,3,N-new
三日市,밋카이치,Mikkaichi,3,N-new
椥辻,나기쓰지,Nagitsuji,3,N-new
多喜浜,다키하마,Takihama,3,N-new
中島公園通,나카지마코엔토오리,Nakajimakoentori,3,Y
汐入,시오이리,Shioiri,3,N-new
東柏崎,히가시카시와자키,Higashikashiwazaki,3,N-new
八百津町その他,야오쓰마치소노호카,Yaotsumachisonohoka,3,N-new
東行田,도코타,Tokota,3,N-new
北藤岡,기타후지오카,Kitafujioka,3,N-new
新さっぽろ,아타라삿포로,Atarasapporo,3,N-new
鎌ケ谷大仏,가마케타니다이부쓰,Kamaketanidaibutsu,3,N-new
春江,하루에,Harue,3,N-new
松崎町その他,마쓰자키마치소노호카,Matsuzakimachisonohoka,3,Y
北新井,기타신이,Kitashini,3,Y
巌根,이와네,Iwane,3,N-new
田原,다하라,Tahara,2,N-new
水沢,미즈사와,Mizusawa,2,N-new
十日町,도오카마치,Tokamachi,2,N-new
法華口,홋케쿠치,Hokkekuchi,2,N-new
箕島,미노시마,Minoshima,2,Y
浜田,하마다,Hamada,2,Y
大藪,오야부,Oyabu,2,N-new
坂戸,사카토,Sakato,2,N-new
前平公園,마에히라코엔,Maehirakoen,2,N-new
五島市その他,고토시소노호카,Gotoshisonohoka,2,N-new
日下,구사카,Kusaka,2,N-new
泉（ＪＲ）,이즈미（ＪＲ）,Izumi(Jr),2,N-new
信濃平,시나노타이라,Shinanotaira,2,Y
貝田,가이다,Kaida,2,N-new
西向日,니시코히,Nishikohi,2,N-new
寒河,소고,Sogo,2,Y
郡上八幡,구조하치만,Gujohachiman,2,N-new
摂津本山,셋쓰혼잔,Settsuhonzan,2,N-new
長津田,나가쓰다,Nagatsuda,2,Y
岩原スキー場前,이와하라스키바마에,Iwaharasukiibamae,2,N-new
モレラ岐阜,모레라기후,Moreragifu,2,N-new
新上五島町その他,신우에고토마치소노호카,Shinuegotomachisonohoka,2,N-new
長岡天神,나가오카텐진,Nagaokatenjin,2,N-new
金比羅前,곤피라마에,Konpiramae,2,N-new
まんのう町その他,만노마치소노호카,Mannomachisonohoka,2,Y
西千葉,니시치바,Nishichiba,2,Y
鑓見内,야리켄나이,Yarikennai,2,N-new
新松田,신마쓰다,Shinmatsuda,2,N-new
新庄,신조,Shinjo,2,Y
呉,구레,Kure,2,N-new
八日市,요카이치,Yokaichi,2,N-new
南稚内,미나미왓카나이,Minamiwakkanai,2,N-new
宿毛,스쿠모,Sukumo,2,N-new
南栗橋,미나미쿠리하시,Minamikurihashi,2,Y
伊那北,이나키타,Inakita,2,Y
坂出,사카이데,Sakaide,2,N-new
行方市その他,나메가타시소노호카,Namegatashisonohoka,2,Y
東宿毛,히가시슈쿠케,Higashishukuke,2,N-new
中津川市その他,나카쓰가와시소노호카,Nakatsugawashisonohoka,2,N-new
中標津町その他,나카시베쓰마치소노호카,Nakashibetsumachisonohoka,2,N-new
本部町,혼부마치,Honbumachi,2,Y
串木野,구시키노,Kushikino,2,Y
東諫早,히가시이사하야,Higashiisahaya,2,Y
あいの里教育大,아이노사토쿄이쿠다이,Ainosatokyoikudai,2,N-new
さくら市その他,사쿠라시소노호카,Sakurashisonohoka,2,Y
柘植,쓰게,Tsuge,2,N-new
三原,미하라,Mihara,2,Y
島田,시마다,Shimada,2,Y
大聖寺,다이쇼지,Daishoji,2,N-new
瑞浪,미즈나미,Mizunami,2,N-new
台中,다이추,Taichu,2,Y
土庄町その他,도노쇼마치소노호카,Tonoshomachisonohoka,2,N-new
榎町,에노마치,Enomachi,2,Y
利尻町その他,리시리마치소노호카,Rishirimachisonohoka,2,N-new
近鉄八尾,긴테쓰야오,Kintetsuyao,2,N-new
新山口,신야마구치,Shinyamaguchi,2,N-new
十川,소가와,Sogawa,2,N-new
大網,오아미,Oami,2,Y
直江津,나오에쓰,Naoetsu,2,Y
厚岸,앗케시,Akkeshi,2,N-new
仁山,진센,Jinsen,2,N-new
あびこ,아비코,Abiko,2,Y
泉中央,이즈미추오,Izumichuo,2,Y
竜野,다쓰노,Tatsuno,2,N-new
住吉大社,스미요시타이샤,Sumiyoshitaisha,2,N-new
紀伊宮原,기이미야하라,Kiimiyahara,2,N-new
学園前,가쿠엔마에,Gakuenmae,2,Y
大曲,오마가리,Omagari,2,Y
不破一色,후와잇쇼쿠,Fuwaisshoku,2,N-new
阿漕,아코기,Akogi,2,N-new
串間,구시마,Kushima,2,N-new
祇園新橋北,기온신바시키타,Gionshinbashikita,2,Y
東生駒,하루오코마,Haruokoma,2,Y
甲賀市その他,고카시소노호카,Kokashisonohoka,2,N-new
湯沢市その他,유자와시소노호카,Yuzawashisonohoka,2,N-new
飯山,이이야마,Iiyama,2,Y
東石黒,도세키쿠로,Tosekikuro,2,N-new
東福寺,도후쿠지,Tofukuji,2,Y
小平町その他,고다이라마치소노호카,Kodairamachisonohoka,2,N-new
宮島口,미야지마쿠치,Miyajimakuchi,2,N-new
幕別,마쿠베쓰,Makubetsu,2,N-new
安部,아베,Abe,2,N-new
松川町,마쓰카와초,Matsukawacho,2,Y
清川村その他,기요카와무라소노호카,Kiyokawamurasonohoka,2,N-new
宝塚南口,다카라즈카미나미구치,Takarazukaminamiguchi,2,N-new
井原,이하라,Ihara,2,Y
徳山,도쿠야마,Tokuyama,2,N-new
天満町,덴마마치,Tenmamachi,2,Y
鹿島神宮,가시마진구우,Kashimajingu,2,N-new
小中野,고나카노,Konakano,2,N-new
茂林寺前,모린테라마에,Morinteramae,2,Y
大甕,오미카,Omika,2,N-new
志文,고코로자시분,Kokorozashibun,2,N-new
宝塚,다카라즈카,Takarazuka,2,N-new
伊予吉田,이요요시다,Iyoyoshida,2,N-new
白石,시로이시,Shiroishi,2,N-new
大宝,다이호,Taiho,2,Y
都農,쓰노,Tsuno,2,N-new
川南,가와미나미,Kawaminami,2,N-new
網野,아미노,Amino,2,N-new
南砺市その他,난토시소노호카,Nantoshisonohoka,2,N-new
千林大宮,센바야시오미야,Senbayashiomiya,2,Y
桜井,사쿠라이,Sakurai,2,N-new
烏山,가라스야마,Karasuyama,2,Y
平城山,나라야마,Narayama,2,Y
加賀温泉,가가온센,Kagaonsen,2,N-new
出戸浜,데토하마,Detohama,2,N-new
うるま市,우루마시,Urumashi,2,N-new
二軒屋,니켄야,Nikenya,2,N-new
新尾道,신오노미치,Shin'Onomichi,2,Y
富士見,후지미,Fujimi,2,N-new
大洗,오아라이,Oarai,2,N-new
忍ケ丘,닌케오카,Ninkeoka,2,N-new
上二田,우에후타다,Uefutada,2,N-new
切通,셋쓰우,Settsu,2,Y
二月田,니가쓰덴,Nigatsuden,2,Y
アプトいちしろ,아푸토이치시로,Aputoichishiro,2,N-new
久田野,히사다노,Hisadano,2,N-new
東大門市場 トンデムンシジャン,도다이몬시조 톤데문시잔,Todaimonshijo Tondemunshijan,2,N-new
渋沢,시부사와,Shibusawa,2,Y
南羽生,미나미하뉴,Minamihanyu,2,N-new
西明石,니시아카시,Nishiakashi,2,N-new
本宮,모토미야,Motomiya,2,N-new
天塩中川,데시오나카가와,Teshionakagawa,2,N-new
津ノ井,쓰노이,Tsunoi,2,Y
上総三又,가즈사미쓰마타,Kazusamitsumata,2,N-new
内牧,우치마키,Uchimaki,2,Y
一ツ木,이치쓰키,Ichitsuki,2,N-new
おゆみ野,오유미노,Oyumino,2,N-new
国英,구니후사,Kunifusa,2,N-new
津軽五所川原,쓰가루고쇼가와라,Tsugarugoshogawara,2,N-new
益城町その他,마시키마치소노호카,Mashikimachisonohoka,2,N-new
稲積公園,이즈미코엔,Izumikoen,2,N-new
小岩井,고이와이,Koiwai,2,N-new
伊予宮野下,이요미야노시타,Iyomiyanoshita,2,N-new
糸貫,이토누키,Itonuki,2,N-new
田子町その他,다고마치소노호카,Tagomachisonohoka,2,N-new
穴山,아나야마,Anayama,2,N-new
勝浦市その他,가쓰우라시소노호카,Katsurashisonohoka,2,Y
新島,니이지마,Niijima,2,N-new
新居浜,니이하마,Niihama,2,N-new
新井,아라이,Arai,2,Y
撫養,무야,Muya,2,N-new
枕崎,마쿠라자키,Makurazaki,2,N-new
安土,아즈치,Azuchi,2,N-new
本山町その他,모토야마초소노호카,Motoyamachosonohoka,2,N-new
礼文町その他,레분마치소노호카,Rebunmachisonohoka,2,N-new
ほしみ,호시미,Hoshimi,2,N-new
南アルプス市その他,미나미아루푸스시소노호카,Minamiarupusushisonohoka,2,Y
幕張豊砂,마쿠하리유타카스나,Makuhariyutakasuna,2,N-new
別海町その他,벳카이마치소노호카,Bekkaimachisonohoka,2,N-new
忠孝復興駅周辺,주코훗코에키슈헨,Chukofukkoekishuhen,2,Y
似内,니타나이,Nitanai,2,N-new
南高田,미나미다카타,Minamidakata,2,Y
筑後大石,지쿠고오이시,Chikugooishi,2,Y
戸倉,도쿠라,Tokura,2,Y
新府,신푸,Shinpu,2,N-new
チャリング・クロス駅周辺,자린구・쿠로스에키슈헨,Charingu・Kurosuekishuhen,2,N-new
恵我ノ荘,에가노소,Eganoso,2,N-new
下妻,시모즈마,Shimozuma,2,Y
飛騨市その他,히다시소노호카,Hidashisonohoka,2,N-new
城陽,조요,Joyo,2,N-new
岩国市その他,이와쿠니시소노호카,Iwakunishisonohoka,2,N-new
東津山,히가시쓰야마,Higashitsuyama,2,Y
豊見城市,도미구스쿠시,Tomigusukushi,2,N-new
三角,산카쿠,Sankaku,2,N-new
新魚津,신우오즈,Shinuozu,2,Y
轟,도도로키,Todoroki,2,N-new
板野,이타노,Itano,2,N-new
小杉（あいの風）,고스기（아이노카제）,Kosugi(Ainokaze),2,N-new
パディントン,파데〴톤,Padinton,2,N-new
阿字ケ浦,아지케우라,Ajikeura,2,N-new
苫小牧,도마코마이,Tomakomai,2,N-new
八木西口,야기니시구치,Yaginishiguchi,2,N-new
北殿,기타토노,Kitatono,2,N-new
男鹿市その他,오가시소노호카,Ogashisonohoka,2,N-new
松原湖,마쓰바라코,Matsubarako,2,N-new
ウッディタウン中央,웃데타운추오,Uddeitaunchuo,2,Y
笠岡,가사오카,Kasaoka,2,Y
久宝寺口,규호지쿠치,Kyuhojikuchi,2,Y
法隆寺,호류지,Horyuji,2,Y
余呉,요고,Yogo,2,Y
丸亀,마루가메,Marugame,2,Y
佐伯区役所前,사에키쿠야쿠쇼마에,Saekikuyakushomae,2,Y
五所川原,고쇼가와라,Goshogawara,2,N-new
飛騨古川,히다후루카와,Hidafurukawa,2,N-new
志布志,시부시,Shibushi,2,N-new
知床斜里,시레토코샤리,Shiretokoshari,2,N-new
横手,요코테,Yokote,1,N-new
御嵩町その他,미타케마치소노호카,Mitakemachisonohoka,1,N-new
天童南,덴도미나미,Tendominami,1,Y
学研北生駒,갓켄키타이코마,Gakkenkitaikoma,1,N-new
田沢湖,다자와코,Tazawako,1,N-new
防府,호후,Hofu,1,N-new
信濃境,시나노사카이,Shinanosakai,1,N-new
台湾桃園国際空港(TPE)周辺,다이완모모조노코쿠사이쿠우코(TPE)슈헨,Taiwanmomozonokokusaikuko(Tpe)Shuhen,1,N-new
境松,사카이마쓰,Sakaimatsu,1,Y
三野瀬,미노세,Minose,1,Y
南由布,미나미유후,Minamiyufu,1,Y
貞光,사다미쓰,Sadamitsu,1,N-new
向井原,무카이바라,Mukaibara,1,N-new
三岡,미쓰오카,Mitsuoka,1,Y
須坂,스자카,Suzaka,1,Y
紀伊天満,기이텐마,Kiitenma,1,Y
リトル・インディア,리토루・인데ぃ아,Ritoru・India,1,N-new
乙供,오쓰토모,Otsutomo,1,N-new
斜里町その他,샤리마치소노호카,Sharimachisonohoka,1,N-new
猪苗代町その他,이나와시로마치소노호카,Inawashiromachisonohoka,1,N-new
新居町,신쿄마치,Shinkyomachi,1,N-new
仲ノ町,나카노마치,Nakanomachi,1,N-new
八重瀬町,야에세마치,Yaesemachi,1,N-new
人吉温泉,히토요시온센,Hitoyoshionsen,1,Y
大道,다이도,Daido,1,N-new
讃岐相生,사누키아이오이,Sanukiaioi,1,N-new
麻植塚,오에쓰카,Oetsuka,1,N-new
川東,가와토,Kawato,1,N-new
左沢,아테라자와,Aterazawa,1,N-new
能勢町その他,노세마치소노호카,Nosemachisonohoka,1,N-new
太海,다우미,Taumi,1,N-new
下立,시타리쓰,Shitaritsu,1,N-new
那賀町その他,나카마치소노호카,Nakamachisonohoka,1,Y
宇品四丁目,우지나시테이메,Ujinashiteime,1,N-new
枚方公園,히라카타코엔,Hirakatakoen,1,N-new
歌津,우타쓰,Utatsu,1,N-new
極楽橋,고쿠라쿠하시,Gokurakuhashi,1,N-new
伊賀市その他,이가시소노호카,Igashisonohoka,1,N-new
キングズ・クロス,긴구즈・쿠로스,Kinguzu・Kurosu,1,N-new
六原,로쿠하라,Rokuhara,1,N-new
西勝間田,사이쇼마다,Saishomada,1,N-new
十和田南,도와다미나미,Towadaminami,1,N-new
三河大塚,미카와오쓰카,Mikawaotsuka,1,N-new
三河田原,미카와다하라,Mikawadahara,1,N-new
波多浦,하타우라,Hataura,1,N-new
大崎町その他,오사키마치소노호카,Osakimachisonohoka,1,N-new
羽後本荘,우고혼조,Ugohonjo,1,Y
日原,히하라,Hihara,1,Y
柴平,시바타이라,Shibataira,1,N-new
八甲田山,핫코다산,Hakkodasan,1,N-new
屋久島町その他,야쿠시마마치소노호카,Yakushimamachisonohoka,1,N-new
佐川,사가와,Sagawa,1,N-new
三輪,미와,Miwa,1,N-new
新大楽毛,신다이라쿠케,Shindairakuke,1,N-new
君ケ浜,군케하마,Kunkehama,1,N-new
布津,후쓰,Futsu,1,N-new
倉吉,구라요시,Kurayoshi,1,Y
福知山市その他,후쿠치야마시소노호카,Fukuchiyamashisonohoka,1,N-new
下松,구다마쓰,Kudamatsu,1,Y
三つ峠,밋쓰토게,Mittsutoge,1,N-new
因島田熊町,인시마다쿠마마치,Inshimadakumamachi,1,N-new
会津坂下,아이즈반게,Aizubange,1,N-new
東大館,도다이칸,Todaikan,1,N-new
いの町その他,이노마치소노호카,Inomachisonohoka,1,N-new
芦別,아시베쓰,Ashibetsu,1,N-new
津山,쓰야마,Tsuyama,1,Y
高山村その他,고잔무라소노호카,Kozanmurasonohoka,1,Y
大川野,오카와노,Okawano,1,N-new
土佐市その他,도사시소노호카,Tosashisonohoka,1,N-new
モン・デ・ザール,몬・데・자루,Mon・De・Zaaru,1,N-new
下新田,시모신덴,Shimoshinden,1,Y
南中郷,난추사토,Nanchusato,1,Y
能生,노,No,1,Y
下志比,시타시히,Shitashihi,1,N-new
丸森,마루모리,Marumori,1,Y
本川内,혼카와나이,Honkawanai,1,N-new
大和小泉,야마토코이즈미,Yamatokoizumi,1,Y
椎田,시이다,Shiida,1,Y
対馬市その他,쓰시마시소노호카,Tsushimashisonohoka,1,N-new
目時,메토키,Metoki,1,N-new
郡上市その他,구조시소노호카,Gujoshisonohoka,1,N-new
深谷,후카야,Fukaya,1,N-new
日置市その他,히오키시소노호카,Hiokishisonohoka,1,N-new
兵庫,효고,Hyogo,1,N-new
扇田,오기타,Ogita,1,N-new
洲本市その他,스모토시소노호카,Sumotoshisonohoka,1,N-new
大洋,다이요,Taiyo,1,N-new
日登,니치토,Nichito,1,N-new
岩出,이와데,Iwade,1,Y
五条,고조,Gojo,1,N-new
吉浦,요시우라,Yoshiura,1,N-new
玖波,구나미,Kunami,1,N-new
藪神,야부카미,Yabukami,1,N-new
ウィンザー,우〴자,Uinzaa,1,N-new
安来,야스기,Yasugi,1,N-new
東多久,히가시타쿠,Higashitaku,1,N-new
あわら湯のまち,아와라유노마치,Awarayunomachi,1,N-new
与論町その他,요론마치소노호카,Yoronmachisonohoka,1,N-new
新西脇,신자이와키,Shinzaiwaki,1,N-new
横尾,요코오,Yoko,1,N-new
新宮,신구우,Shingu,1,Y
延方,엔호,Enho,1,N-new
岩泉町その他,이와이즈미마치소노호카,Iwaizumimachisonohoka,1,N-new
ジョグジャカルタ,조구자카루타,Jogujakaruta,1,N-new
金浦,긴포,Kinpo,1,N-new
関西空港,간사이쿠우코,Kansaikuko,1,N-new
小出,고이데,Koide,1,N-new
鳥栖,도스,Tosu,1,N-new
マルペンサ空港周辺,마루펜사쿠우코슈헨,Marupensakukoshuhen,1,N-new
下北,시모키타,Shimokita,1,N-new
人吉,히토요시,Hitoyoshi,1,Y
香登,가카토,Kakato,1,N-new
勝瑞,쇼즈이,Shozui,1,Y
サブロン広場,사부론히로바,Saburonhiroba,1,N-new
日岡,히오카,Hioka,1,N-new
周南市その他,슈난시소노호카,Shunanshisonohoka,1,N-new
市川大門,이치카와다이몬,Ichikawadaimon,1,N-new
人丸前,히토마로마에,Hitomaromae,1,N-new
中深川,주후카카와,Chufukakawa,1,N-new
呼人,요비토,Yobito,1,Y
勝沼ぶどう郷,가쓰누마부도사토,Katsunumabudosato,1,N-new
佐々木,사사키,Sasaki,1,N-new
常陸太田,히타치오타,Hitachiota,1,Y
嘉義,가기,Kagi,1,Y
久米島町,구메시마마치,Kumeshimamachi,1,N-new
石動,이스루기,Isurugi,1,Y
菊池市その他,기쿠치시소노호카,Kikuchishisonohoka,1,N-new
中央市場前,주오시조마에,Chuoshijomae,1,N-new
南九州市その他,미나미큐슈시소노호카,Minamikyushushisonohoka,1,N-new
山陽明石,산요아카시,Sanyoakashi,1,N-new
西門町,니시카도마치,Nishikadomachi,1,Y
三瀬,미쓰세,Mitsuse,1,Y
津和野,쓰와노,Tsuwano,1,Y
向島,고시마,Koshima,1,Y
光,히카리,Hikari,1,Y
稚内,왓카나이,Wakkanai,1,N-new
二本松,니혼마쓰,Nihonmatsu,1,Y
勝浦,가쓰우라,Katsura,1,Y
岩屋,이와야,Iwaya,1,Y
肥前浜,히젠하마,Hizenhama,1,N-new
神戸空港,고베쿠우코,Kobekuko,1,N-new
本納,혼노,Honno,1,N-new
種市,다네이치,Taneichi,1,N-new
福知山,후쿠치야마,Fukuchiyama,1,N-new
和食,와쇼쿠,Washoku,1,N-new
塩山,엔잔,Enzan,1,N-new
袋,후쿠로,Fukuro,1,N-new
楽々園,라쿠라쿠소노,Rakurakusono,1,Y
上富良野,가미후라노,Kamifurano,1,N-new
ベルサイユ,베루사이유,Berusaiyu,1,N-new
紋別市その他,몬베쓰시소노호카,Monbetsushisonohoka,1,N-new
島尾,시마오,Shimao,1,Y
平野,헤이야,Heiya,1,N-new
ほっとゆだ,홋토유다,Hottoyuda,1,N-new
田辺市その他,다나베시소노호카,Tanabeshisonohoka,1,Y
原爆ドーム前,겐바쿠도무마에,Genbakudomumae,1,N-new
羽沢横浜国大,하자와요코하마코쿠다이,Hazawayokohamakokudai,1,N-new
嘉島町その他,가시마마치소노호카,Kashimamachisonohoka,1,N-new
八代,야쓰시로,Yatsushiro,1,N-new
三良坂,미라사카,Mirasaka,1,N-new
篠山口,시노야마쿠치,Shinoyamakuchi,1,N-new
グランプラス周辺,구란푸라스슈헨,Guranpurasushuhen,1,N-new
八橋,야쓰하시,Yatsuhashi,1,Y
四国中央市その他,시코쿠추오시소노호카,Shikokuchuoshisonohoka,1,N-new
男鹿,오가,Oga,1,N-new
羽咋,하쿠이,Hakui,1,N-new
十勝清水,도카치시미즈,Tokachishimizu,1,N-new
栃原,도치하라,Tochihara,1,N-new
備中高梁,빗추타카하시,Bitchutakahashi,1,N-new
上戸手,조고테,Jogote,1,N-new
多田,다다,Tada,1,N-new
サン=マロ,산=마로,San=Maro,1,N-new
久慈,구지,Kuji,1,N-new
留萌,루모이,Rumoi,1,N-new
和泊町その他,와도마리마치소노호카,Wadomarimachisonohoka,1,N-new
恩納村,온나무라,Onnamura,1,N-new
一ノ関,이치노세키,Ichinoseki,1,N-new
金武町,가나타케마치,Kanatakemachi,1,N-new
新三田,신미타,Shinmita,1,Y
丸亀市その他,마루가메시소노호카,Marugameshisonohoka,1,N-new
小浜,오바마,Obama,1,N-new
常陸大子,히타치오고,Hitachiogo,1,Y
宮古,미야코,Miyako,1,N-new
上深川,우에후카가와,Uefukagawa,1,N-new
狩場沢,가리바사와,Karibasawa,1,N-new
西都城,사이토시로,Saitoshiro,1,N-new
伊佐市その他,이사시소노호카,Isashisonohoka,1,N-new
世羅町,세라마치,Seramachi,1,N-new
西川町その他,니시가와초소노호카,Nishigawachosonohoka,1,Y
上下,조게,Joge,1,N-new
下野宮,시모쓰케미야,Shimotsukemiya,1,Y
武雄温泉,다케온센,Takeonsen,1,N-new
カイルア(オアフ島),가이루아(오아후시마),Kairua(Oafushima),1,N-new
市政府駅周辺,시세이후에키슈헨,Shiseifuekishuhen,1,Y
新神戸,신코베,Shinkobe,1,Y
西御坊,니시고보,Nishigobo,1,N-new
アントワープ,안토와푸,Antowaapu,1,N-new
東萩,히가시하기,Higashihagi,1,N-new
市川本町,이치카와혼초,Ichikawahoncho,1,N-new
南仙台,미나미센다이,Minamisendai,1,Y
中条,주조,Chujo,1,N-new
粟津,아와즈,Awazu,1,Y
邑南町その他,오난마치소노호카,Onanmachisonohoka,1,N-new
下市口,시모이치쿠치,Shimoichikuchi,1,N-new
窪川,구보카와,Kubokawa,1,N-new
京成幕張本郷,게이세이마쿠하리혼고,Keiseimakuharihongo,1,Y
常陸太田市その他,히타치오타시소노호카,Hitachiotashisonohoka,1,Y
長万部,오샤만베,Oshamanbe,1,N-new
東栄町その他,도에이마치소노호카,Toeimachisonohoka,1,N-new
国東市その他,구니사키시소노호카,Kunisakishisonohoka,1,N-new
小林,고바야시,Kobayashi,1,N-new
東白石,도하쿠이시,Tohakuishi,1,N-new
吉富,요시토미,Yoshitomi,1,N-new
伏尾,후쿠오,Fukuo,1,N-new
南小国町その他,미나미오구니마치소노호카,Minamiogunimachisonohoka,1,N-new
布施屋,후세야,Fuseya,1,N-new
雙連駅周辺,소렌에키슈헨,Sorenekishuhen,1,Y
三河一宮,미카와이치노미야,Mikawaichinomiya,1,N-new
桂台,가쓰라다이,Katsuradai,1,Y
崎守,사키슈,Sakishu,1,N-new
西二見,니시후타미,Nishifutami,1,Y
多比良,다이라,Taira,1,N-new
宇島,우시마,Ushima,1,Y
伊賀神戸,이가코베,Igakobe,1,N-new
加古川,가코가와,Kakogawa,1,N-new
七尾,나나오,Nanao,1,Y
下立口,시타리쓰쿠치,Shitaritsukuchi,1,N-new
只見,다다미,Tadami,1,N-new
中之条町その他,나카노조마치소노호카,Nakanojomachisonohoka,1,Y
新高徳,니이타카토쿠,Niitakatoku,1,N-new
三豊市その他,미토요시소노호카,Mitoyoshisonohoka,1,N-new
朝来,아사고,Asago,1,Y
ロンドン・ヒースロー空港 (LHR) 周辺,론돈・히스로쿠우코 (LHR) 슈헨,Rondon・Hiisurokuko (Lhr) Shuhen,1,N-new
岩木町その他,이와키마치소노호카,Iwakimachisonohoka,1,N-new
千厩,센마야,Senmaya,1,N-new
奥泉,오쿠이즈미,Okuizumi,1,N-new
鹿沼,가누마,Kanuma,1,N-new
駅家,우마야,Umaya,1,N-new
竹原,다케하라,Takehara,1,N-new
行天宮周辺,교텐미야슈헨,Gyotenmiyashuhen,1,Y
南気仙沼,미나미케센누마,Minamikesennuma,1,Y
湯沢,유자와,Yuzawa,1,Y
赤磐市その他,아카이와시소노호카,Akaiwashisonohoka,1,Y
南部,난부,Nanbu,1,N-new
花巻,하나마키,Hanamaki,1,N-new
忠孝敦化駅周辺,주코톤카에키슈헨,Chukotonkaekishuhen,1,Y
剣淵,겐부치,Kenbuchi,1,N-new
信濃松川,시나노마쓰카와,Shinanomatsukawa,1,Y
三河三谷,미카와미타니,Mikawamitani,1,N-new
萩,하기,Hagi,1,N-new
上之郷,가미노고,Kaminogo,1,N-new
磐田,이와타,Iwata,1,N-new
嬬恋村その他,쓰마고이무라소노호카,Tsumagoimurasonohoka,1,Y
東新川,히가시신카와,Higashishinkawa,1,N-new
アラモアナ,아라모아나,Aramoana,1,N-new
バッキンガム宮殿周辺,밧킨가무큐덴슈헨,Bakkingamukyudenshuhen,1,N-new
下祇園,시타기온,Shitagion,1,Y
象潟,기사카타,Kisakata,1,Y
紀伊富田,기이토미타,Kiitomita,1,N-new
土佐久礼,도사쿠레,Tosakure,1,N-new
御前崎市その他,오마에자키시소노호카,Omaezakishisonohoka,1,N-new
横瀬,요코세,Yokose,1,N-new
塩之沢,시오유키사와,Shioyukisawa,1,N-new
志摩市その他,시마시소노호카,Shimashisonohoka,1,N-new
羽前中山,우젠나카야마,Uzennakayama,1,N-new
新涯町,신가이마치,Shingaimachi,1,N-new
地蔵橋,지조하시,Jizohashi,1,N-new
舟入川口町,후나이리카와구치마치,Funairikawaguchimachi,1,Y
上高地その他,가미코치소노호카,Kamikochisonohoka,1,N-new
近江今津,오미이마즈,Omiimazu,1,N-new
三ツ沢上町,산쓰사와카미마치,Santsusawakamimachi,1,N-new
瀬戸田町沢,세토다마치자와,Setodamachizawa,1,N-new
不動の沢,후도노사와,Fudonosawa,1,Y
中飯降,나카메시코,Nakameshiko,1,N-new
能代,노시로,Noshiro,1,Y
忠孝新生駅周辺,주코신세이에키슈헨,Chukoshinseiekishuhen,1,Y
草野,구사노,Kusano,1,N-new
加治木,가지키,Kajiki,1,N-new
宇部新川,우베신카와,Ubeshinkawa,1,N-new
真鶴,마나쓰루,Manatsuru,1,N-new
土々呂,쓰치々로,Tsuchi(Kurikaesi)Ro,1,N-new
住道,스미노도,Suminodo,1,Y
古部,고베,Kobe,1,N-new
伊丹（ＪＲ）,이타미,Itami(Jr),1,Y
中原,나카하라,Nakahara,1,N-new
十日市町,도오카이치마치,Tokaichimachi,1,Y
しんざ,신자,Shinza,1,N-new
鏡石,가가미이시,Kagamiishi,1,N-new
民権西路駅周辺,민켄니시미치에키슈헨,Minkennishimichiekishuhen,1,Y
宮之阪,미야유키사카,Miyayukisaka,1,N-new
七飯,나나에,Nanae,1,N-new
ピサ,피사,Pisa,1,N-new
白川村その他,시라카와무라소노호카,Shirakawamurasonohoka,1,N-new
引田,히키타,Hikita,1,N-new
南さつま市その他,미나미사쓰마시소노호카,Minamisatsumashisonohoka,1,N-new
中山駅周辺,나카야마에키슈헨,Nakayamaekishuhen,1,N-new
パリ,파리,Pari,1,N-new
能登中島,노토나카지마,Notonakajima,1,N-new
宇品五丁目,우지나고초메,Ujinagochome,1,N-new
西之表市その他,니시노오모테시소노호카,Nishinomoteshisonohoka,1,N-new
相馬,소마,Soma,1,N-new
七光台,나나히카리다이,Nanahikaridai,1,Y
神俣,간마타,Kanmata,1,Y
神城,가미조,Kamijo,1,N-new
伊達市その他,다테시소노호카,Dateshisonohoka,1,N-new
桔梗が丘,기쿄가오카,Kikyogaoka,1,N-new
みの,미노,Mino,1,Y
伊奈,이나,Ina,1,Y
上牧,간마키,Kanmaki,1,N-new
広大附属学校前,고다이후조쿠갓코마에,Kodaifuzokugakkomae,1,Y
駒鳴,고마메이,Komamei,1,N-new
小諸,고모로,Komoro,1,N-new
阿蘇下田城,아소시모다시로,Asoshimodashiro,1,Y
仁保,니이호,Niiho,1,N-new
唐津市その他,가라쓰시소노호카,Karatsushisonohoka,1,N-new
里庄,사토쇼,Satosho,1,N-new
伊丹（阪急）,이타미한큐,Itami(Hankyu),1,Y
岩国,이와쿠니,Iwakuni,1,Y
小城,오기,Ogi,1,N-new
ルクセンブルク,루쿠센부루쿠,Rukusenburuku,1,N-new
積丹町その他,샤코탄마치소노호카,Shakotanmachisonohoka,1,N-new
瀬戸田町林,세토다마치하야시,Setodamachihayashi,1,N-new
新冠,니이캇푸,Niikappu,1,N-new
三次,산지,Sanji,1,N-new
並河,나미카와,Namikawa,1,N-new
新里,니이사토,Niisato,1,N-new
穴水,아나미즈,Anamizu,1,N-new
有家,아리이에,Ariie,1,N-new
勝間田,가쓰마타,Katsumata,1,N-new
愛大医学部南口,아이다이이가쿠부미나미구치,Aidaiigakubuminamiguchi,1,N-new
掛川市役所前,가케가와시야쿠쇼마에,Kakegawashiyakushomae,1,N-new
舟入幸町,후나이리사이와이초,Funairisaiwaicho,1,Y
志津川,시즈가와,Shizugawa,1,N-new
伊予市,이요시,Iyoshi,1,N-new
安芸津,아키쓰,Akitsu,1,N-new
赤川,아카가와,Akagawa,1,N-new
湖西市その他,고사이시소노호카,Kosaishisonohoka,1,N-new
水沢江刺,미즈사와에사시,Mizusawaesashi,1,N-new
山之口,야마노쿠치,Yamanokuchi,1,N-new
南城市,난조시,Nanjoshi,1,N-new
貴船口,기후네쿠치,Kifunekuchi,1,Y
加勢,가세이,Kasei,1,Y
みどり湖,미도리미즈우미,Midorimizumi,1,N-new
上狛,우에코마,Uekoma,1,Y
二戸,니노헤,Ninohe,1,N-new
伊達,다테,Date,1,N-new
伊万里,이마리,Imari,1,N-new
壱岐市その他,이치시시소노호카,Ichishishisonohoka,1,N-new
長与,나가요,Nagayo,1,N-new
綾町その他,아야마치소노호카,Ayamachisonohoka,1,N-new
下段,게단,Gedan,1,N-new
北上,기타카미,Kitakami,1,N-new
ナイツブリッジ,나이쓰부릿지,Naitsuburijji,1,N-new
姶良,아이라,Aira,1,N-new
